contractSymbol,lastTradeDate,strike,lastPrice,bid,ask,change,percentChange,volume,openInterest,impliedVolatility,inTheMoney,contractSize,currency,ticker,option_type,expiration,spot,download_timestamp,mid_price,bid_ask_spread,relative_spread,moneyness,log_moneyness,time_to_expiry,days_to_expiry,price_lower_bound,price_upper_bound,passes_price_bounds,calculated_implied_volatility,previous_mid_price,passes_monotonicity
SPY260821P00600000,2026-07-21 13:30:01+00:00,600.0,0.51,0.5,0.51,-0.110000014,-17.741938,5.0,119365,0.3542545043945311,False,REGULAR,USD,SPY,put,2026-08-21,744.5194091796875,2026-07-21T13:48:04.398522+00:00,0.505,0.01,0.0198019801980198,0.8058889971197404,-0.2158092666549856,0.085639129930175,31.25828242451389,0.0,597.9481772144636,True,0.3629098840129739,,True
SPY260821P00605000,2026-07-20 18:37:45+00:00,605.0,0.61,0.54,0.55,0.0,0.0,43.0,11967,0.3464420825195312,False,REGULAR,USD,SPY,put,2026-08-21,744.5194091796875,2026-07-21T13:48:04.398522+00:00,0.545,0.01,0.018348623853211,0.8126047387624049,-0.2075104638402905,0.085639129930175,31.25828242451389,0.0,602.9310786912508,True,0.3551064501362796,0.505,True
SPY260821P00610000,2026-07-20 19:23:05+00:00,610.0,0.72,0.57,0.58,0.0,0.0,554.0,3492,0.3374089697265625,False,REGULAR,USD,SPY,put,2026-08-21,744.5194091796875,2026-07-21T13:48:04.398522+00:00,0.575,0.01,0.0173913043478261,0.8193204804050694,-0.199279964703775,0.085639129930175,31.25828242451389,0.0,607.9139801680379,True,0.3460201825338932,0.545,True
SPY260821P00615000,2026-07-20 18:42:55+00:00,615.0,0.72,0.62,0.63,0.0,0.0,113.0,49661,0.3298406860351562,False,REGULAR,USD,SPY,put,2026-08-21,744.5194091796875,2026-07-21T13:48:04.398522+00:00,0.625,0.01,0.016,0.8260362220477339,-0.1911166540646142,0.085639129930175,31.25828242451389,0.0,612.8968816448252,True,0.3385061594176851,0.575,True
SPY260821P00620000,2026-07-20 19:41:33+00:00,620.0,0.78,0.67,0.68,0.0,0.0,107.0,13306,0.3220282641601562,False,REGULAR,USD,SPY,put,2026-08-21,744.5194091796875,2026-07-21T13:48:04.398522+00:00,0.675,0.01,0.0148148148148148,0.8327519636903984,-0.1830194438319948,0.085639129930175,31.25828242451389,0.0,617.8797831216124,True,0.3305847456208346,0.625,True
SPY260821P00625000,2026-07-20 19:55:07+00:00,625.0,0.88,0.71,0.72,0.0,0.0,82.0,7299,0.3129951513671875,False,REGULAR,USD,SPY,put,2026-08-21,744.5194091796875,2026-07-21T13:48:04.398522+00:00,0.715,0.01,0.013986013986014,0.8394677053330629,-0.1749872721347305,0.085639129930175,31.25828242451389,0.0,622.8626845983996,True,0.3215414748448122,0.675,True
SPY260821P00630000,2026-07-20 20:07:00+00:00,630.0,0.94,0.75,0.76,0.0,0.0,930.0,108999,0.3037179003906249,False,REGULAR,USD,SPY,put,2026-08-21,744.5194091796875,2026-07-21T13:48:04.398522+00:00,0.755,0.01,0.0132450331125827,0.8461834469757274,-0.1670191024855536,0.085639129930175,31.25828242451389,0.0,627.8455860751868,True,0.3122631336413584,0.715,True
SPY260821P00635000,2026-07-21 13:31:37+00:00,635.0,0.81,0.82,0.83,-0.21999997,-21.35922,2.0,13930,0.2961496166992187,False,REGULAR,USD,SPY,put,2026-08-21,744.5194091796875,2026-07-21T13:48:04.398522+00:00,0.825,0.01,0.0121212121212121,0.8528991886183919,-0.1591139229784404,0.085639129930175,31.25828242451389,0.0,632.8284875519739,True,0.3047582409770151,0.755,True
SPY260821P00640000,2026-07-20 19:46:47+00:00,640.0,1.06,0.87,0.89,0.0,0.0,924.0,8472,0.2876047802734374,False,REGULAR,USD,SPY,put,2026-08-21,744.5194091796875,2026-07-21T13:48:04.398522+00:00,0.88,0.02,0.0227272727272727,0.8596149302610564,-0.1512707455174145,0.085639129930175,31.25828242451389,0.0,637.8113890287611,True,0.2958614730334454,0.825,True
SPY260821P00645000,2026-07-20 19:52:36+00:00,645.0,1.18,0.95,0.96,0.0,0.0,152.0,5269,0.2791820129394531,False,REGULAR,USD,SPY,put,2026-08-21,744.5194091796875,2026-07-21T13:48:04.398522+00:00,0.955,0.01,0.0104712041884816,0.8663306719037209,-0.1434886050753595,0.085639129930175,31.25828242451389,0.0,642.7942905055484,True,0.2878029324922871,0.88,True
SPY260821P00650000,2026-07-21 13:30:04+00:00,650.0,1.04,1.04,1.05,-0.25,-19.379845,1.0,23797,0.2714306256103516,False,REGULAR,USD,SPY,put,2026-08-21,744.5194091796875,2026-07-21T13:48:04.398522+00:00,1.045,0.01,0.0095693779904306,0.8730464135463855,-0.1357665589814492,0.085639129930175,31.25828242451389,0.0,647.7771919823356,True,0.2800908985947856,0.955,True
SPY260821P00651000,2026-07-20 14:47:56+00:00,651.0,1.24,1.05,1.06,0.0,0.0,10.0,405,0.2694164855957031,False,REGULAR,USD,SPY,put,2026-08-21,744.5194091796875,2026-07-21T13:48:04.398522+00:00,1.0550000000000002,0.01,0.0094786729857819,0.8743895618749183,-0.1342292796625628,0.085639129930175,31.25828242451389,0.0,648.773772277693,True,0.2780728452152926,1.045,True
SPY260821P00652000,2026-07-20 16:18:29+00:00,652.0,1.11,1.06,1.07,0.0,0.0,12.0,3426,0.2674023455810547,False,REGULAR,USD,SPY,put,2026-08-21,744.5194091796875,2026-07-21T13:48:04.398522+00:00,1.065,0.01,0.0093896713615023,0.8757327102034512,-0.1326943599444791,0.085639129930175,31.25828242451389,0.0,649.7703525730504,True,0.2760459081843677,1.0550000000000002,True
SPY260821P00653000,2026-07-20 19:57:33+00:00,653.0,1.35,1.09,1.11,0.0,0.0,108.0,539,0.2668530346679688,False,REGULAR,USD,SPY,put,2026-08-21,744.5194091796875,2026-07-21T13:48:04.398522+00:00,1.1,0.02,0.0181818181818181,0.8770758585319841,-0.131161792594701,0.085639129930175,31.25828242451389,0.0,650.7669328684078,True,0.2752613645327267,1.065,True
SPY260821P00654000,2026-07-20 19:15:02+00:00,654.0,1.42,1.1,1.12,0.0,0.0,692.0,450,0.2647778601074219,False,REGULAR,USD,SPY,put,2026-08-21,744.5194091796875,2026-07-21T13:48:04.398522+00:00,1.11,0.02,0.018018018018018,0.878419006860517,-0.1296315704139334,0.085639129930175,31.25828242451389,0.0,651.7635131637653,True,0.2732021606735044,1.1,True
SPY260821P00655000,2026-07-20 19:55:20+00:00,655.0,1.43,1.12,1.14,0.0,0.0,4173.0,10231,0.2631909619140625,False,REGULAR,USD,SPY,put,2026-08-21,744.5194091796875,2026-07-21T13:48:04.398522+00:00,1.13,0.0199999999999997,0.0176991150442476,0.8797621551890499,-0.1281036862358801,0.085639129930175,31.25828242451389,0.0,652.7600934591228,True,0.2716190360135243,1.11,True
SPY260821P00656000,2026-07-20 15:51:02+00:00,656.0,1.28,1.14,1.16,0.0,0.0,194.0,719,0.2615430291748046,False,REGULAR,USD,SPY,put,2026-08-21,744.5194091796875,2026-07-21T13:48:04.398522+00:00,1.15,0.02,0.0173913043478261,0.8811053035175829,-0.1265781329270429,0.085639129930175,31.25828242451389,0.0,653.7566737544802,True,0.2700138704450707,1.13,True
SPY260821P00657000,2026-07-20 20:05:37+00:00,657.0,1.47,1.17,1.19,0.0,0.0,118.0,3790,0.2603833728027344,False,REGULAR,USD,SPY,put,2026-08-21,744.5194091796875,2026-07-21T13:48:04.398522+00:00,1.18,0.02,0.0169491525423729,0.8824484518461158,-0.1250549033865215,0.085639129930175,31.25828242451389,0.0,654.7532540498377,True,0.2688539468274282,1.15,True
SPY260821P00658000,2026-07-20 19:29:34+00:00,658.0,1.49,1.19,1.21,0.0,0.0,2.0,531,0.2586744055175781,False,REGULAR,USD,SPY,put,2026-08-21,744.5194091796875,2026-07-21T13:48:04.398522+00:00,1.2,0.02,0.0166666666666666,0.8837916001746486,-0.1235339905458148,0.085639129930175,31.25828242451389,0.0,655.749834345195,True,0.2671985492218061,1.18,True
SPY260821P00659000,2026-07-20 18:16:41+00:00,659.0,1.31,1.21,1.22,0.0,0.0,105.0,773,0.2565992309570312,False,REGULAR,USD,SPY,put,2026-08-21,744.5194091796875,2026-07-21T13:48:04.398522+00:00,1.215,0.01,0.0082304526748971,0.8851347485031815,-0.1220153873686248,0.085639129930175,31.25828242451389,0.0,656.7464146405525,True,0.2652966701611887,1.2,True
SPY260821P00660000,2026-07-21 13:30:55+00:00,660.0,1.23,1.24,1.25,-0.35000002,-22.151901,2.0,8284,0.2553175054931641,False,REGULAR,USD,SPY,put,2026-08-21,744.5194091796875,2026-07-21T13:48:04.398522+00:00,1.245,0.01,0.0080321285140562,0.8864778968317144,-0.1204990868506608,0.085639129930175,31.25828242451389,0.0,657.7429949359099,True,0.2640480648615745,1.215,True
SPY260821P00661000,2026-07-20 17:32:03+00:00,661.0,1.45,1.26,1.27,0.0,0.0,18.0,572,0.2535475036621094,False,REGULAR,USD,SPY,put,2026-08-21,744.5194091796875,2026-07-21T13:48:04.398522+00:00,1.265,0.01,0.0079051383399209,0.8878210451602473,-0.1189850820194458,0.085639129930175,31.25828242451389,0.0,658.7395752312674,True,0.262328402518697,1.245,True
SPY260821P00662000,2026-07-21 13:30:55+00:00,662.0,1.26,1.28,1.29,-0.26,-17.105263,2.0,697,0.2518385363769531,False,REGULAR,USD,SPY,put,2026-08-21,744.5194091796875,2026-07-21T13:48:04.398522+00:00,1.285,0.01,0.0077821011673151,0.8891641934887803,-0.1174733659341237,0.085639129930175,31.25828242451389,0.0,659.7361555266248,True,0.2605891952113472,1.265,True
SPY260821P00663000,2026-07-20 18:15:20+00:00,663.0,1.42,1.28,1.3,0.0,0.0,36.0,471,0.2496412927246093,False,REGULAR,USD,SPY,put,2026-08-21,744.5194091796875,2026-07-21T13:48:04.398522+00:00,1.29,0.02,0.0155038759689922,0.8905073418173132,-0.1159639316852695,0.085639129930175,31.25828242451389,0.0,660.7327358219823,True,0.2581939096984524,1.285,True
SPY260821P00664000,2026-07-20 15:51:13+00:00,664.0,1.47,1.33,1.34,0.0,0.0,31.0,597,0.2486647399902344,False,REGULAR,USD,SPY,put,2026-08-21,744.5194091796875,2026-07-21T13:48:04.398522+00:00,1.335,0.01,0.0074906367041198,0.891850490145846,-0.1144567723946981,0.085639129930175,31.25828242451389,0.0,661.7293161173397,True,0.2574693921030468,1.29,True
SPY260821P00665000,2026-07-20 20:03:04+00:00,665.0,1.7,1.36,1.37,0.0,0.0,296.0,5683,0.2473219799804687,False,REGULAR,USD,SPY,put,2026-08-21,744.5194091796875,2026-07-21T13:48:04.398522+00:00,1.3650000000000002,0.01,0.0073260073260073,0.8931936384743789,-0.1129518812152779,0.085639129930175,31.25828242451389,0.0,662.7258964126971,True,0.2560753864238572,1.335,True
SPY260821P00666000,2026-07-20 19:46:51+00:00,666.0,1.68,1.36,1.38,0.0,0.0,13.0,684,0.2450637017822265,False,REGULAR,USD,SPY,put,2026-08-21,744.5194091796875,2026-07-21T13:48:04.398522+00:00,1.37,0.0199999999999997,0.0145985401459852,0.8945367868029118,-0.1114492513307429,0.085639129930175,31.25828242451389,0.0,663.7224767080546,True,0.2536447025111343,1.3650000000000002,True
SPY260821P00667000,2026-07-20 20:05:37+00:00,667.0,1.76,1.41,1.42,0.0,0.0,45.0,557,0.2440261145019531,False,REGULAR,USD,SPY,put,2026-08-21,744.5194091796875,2026-07-21T13:48:04.398522+00:00,1.415,0.01,0.0070671378091872,0.8958799351314447,-0.1099488759555083,0.085639129930175,31.25828242451389,0.0,664.719057003412,True,0.2527991199901609,1.37,True
SPY260821P00668000,2026-07-20 17:34:16+00:00,668.0,1.63,1.44,1.46,0.0,0.0,15.0,595,0.2428664581298827,False,REGULAR,USD,SPY,put,2026-08-21,744.5194091796875,2026-07-21T13:48:04.398522+00:00,1.45,0.02,0.0137931034482758,0.8972230834599776,-0.1084507483344863,0.085639129930175,31.25828242451389,0.0,665.7156372987695,True,0.2515123589943723,1.415,True
SPY260821P00669000,2026-07-20 18:16:41+00:00,669.0,1.59,1.48,1.49,0.0,0.0,43.0,1856,0.2413405944824218,False,REGULAR,USD,SPY,put,2026-08-21,744.5194091796875,2026-07-21T13:48:04.398522+00:00,1.485,0.01,0.0067340067340067,0.8985662317885106,-0.1069548617429035,0.085639129930175,31.25828242451389,0.0,666.7122175941269,True,0.2501885732770347,1.45,True
SPY260821P00670000,2026-07-21 13:30:55+00:00,670.0,1.47,1.5,1.52,-0.38,-20.54054,18.0,8195,0.2397536962890624,False,REGULAR,USD,SPY,put,2026-08-21,744.5194091796875,2026-07-21T13:48:04.398522+00:00,1.51,0.02,0.0132450331125827,0.8999093801170435,-0.1054612094861202,0.085639129930175,31.25828242451389,0.0,667.7087978894843,True,0.2484563002469426,1.485,True
SPY260821P00671000,2026-07-20 19:50:47+00:00,671.0,1.9,1.5,1.52,0.0,0.0,312.0,475,0.2371292108154296,False,REGULAR,USD,SPY,put,2026-08-21,744.5194091796875,2026-07-21T13:48:04.398522+00:00,1.51,0.02,0.0132450331125827,0.9012525284455764,-0.1039697848994502,0.085639129930175,31.25828242451389,0.0,668.7053781848417,True,0.2457796890160458,1.51,True
SPY260821P00672000,2026-07-21 13:30:55+00:00,672.0,1.55,1.57,1.58,-0.17000008,-9.883725,2.0,1361,0.2365798999023437,False,REGULAR,USD,SPY,put,2026-08-21,744.5194091796875,2026-07-21T13:48:04.398522+00:00,1.5750000000000002,0.01,0.0063492063492063,0.9025956767741092,-0.1024805813479825,0.085639129930175,31.25828242451389,0.0,669.7019584801992,True,0.2454662163775038,1.51,True
SPY260821P00673000,2026-07-20 20:00:18+00:00,673.0,1.96,1.59,1.61,0.0,0.0,209.0,820,0.2349319671630859,False,REGULAR,USD,SPY,put,2026-08-21,744.5194091796875,2026-07-21T13:48:04.398522+00:00,1.6,0.02,0.0125,0.903938825102642,-0.1009935922264042,0.085639129930175,31.25828242451389,0.0,670.6985387755567,True,0.2436596447755749,1.5750000000000002,True
SPY260821P00674000,2026-07-20 19:54:04+00:00,674.0,2.07,1.63,1.64,0.0,0.0,226.0,1346,0.2332840344238281,False,REGULAR,USD,SPY,put,2026-08-21,744.5194091796875,2026-07-21T13:48:04.398522+00:00,1.6349999999999998,0.01,0.0061162079510703,0.905281973431175,-0.099508810958825,0.085639129930175,31.25828242451389,0.0,671.6951190709141,True,0.2421803450996012,1.6,True
SPY260821P00675000,2026-07-20 20:07:03+00:00,675.0,2.14,1.67,1.69,0.0,0.0,8239.0,24540,0.2322464471435547,False,REGULAR,USD,SPY,put,2026-08-21,744.5194091796875,2026-07-21T13:48:04.398522+00:00,1.68,0.02,0.0119047619047619,0.906625121759708,-0.0980262309986021,0.085639129930175,31.25828242451389,0.0,672.6916993662716,True,0.2410098800766754,1.6349999999999998,True
SPY260821P00676000,2026-07-20 19:39:33+00:00,676.0,2.06,1.71,1.73,0.0,0.0,112.0,1489,0.2307816180419922,False,REGULAR,USD,SPY,put,2026-08-21,744.5194091796875,2026-07-21T13:48:04.398522+00:00,1.72,0.02,0.0116279069767441,0.9079682700882408,-0.0965458458281679,0.085639129930175,31.25828242451389,0.0,673.6882796616289,True,0.2396276701776107,1.68,True
SPY260821P00677000,2026-07-20 19:35:16+00:00,677.0,2.13,1.75,1.77,0.0,0.0,1074.0,3483,0.2293778234863281,False,REGULAR,USD,SPY,put,2026-08-21,744.5194091796875,2026-07-21T13:48:04.398522+00:00,1.76,0.02,0.0113636363636363,0.9093114184167738,-0.095067648958857,0.085639129930175,31.25828242451389,0.0,674.6848599569864,True,0.2382085147194,1.72,True
SPY260821P00678000,2026-07-20 20:00:16+00:00,678.0,2.21,1.79,1.8,0.0,0.0,123.0,1634,0.2275467871093749,False,REGULAR,USD,SPY,put,2026-08-21,744.5194091796875,2026-07-21T13:48:04.398522+00:00,1.795,0.01,0.0055710306406685,0.9106545667453066,-0.0935916339307364,0.085639129930175,31.25828242451389,0.0,675.6814402523438,True,0.2365921278803199,1.76,True
SPY260821P00679000,2026-07-20 19:36:05+00:00,679.0,2.27,1.83,1.85,0.0,0.0,634.0,1270,0.2263871307373046,False,REGULAR,USD,SPY,put,2026-08-21,744.5194091796875,2026-07-21T13:48:04.398522+00:00,1.84,0.02,0.0108695652173913,0.9119977150738396,-0.0921177943124359,0.085639129930175,31.25828242451389,0.0,676.6780205477013,True,0.2352627885711654,1.795,True
SPY260821P00680000,2026-07-20 20:11:24+00:00,680.0,2.41,1.87,1.88,0.0,0.0,10102.0,20240,0.224495059814453,False,REGULAR,USD,SPY,put,2026-08-21,744.5194091796875,2026-07-21T13:48:04.398522+00:00,1.875,0.0099999999999997,0.0053333333333332,0.9133408634023724,-0.0906461237009796,0.085639129930175,31.25828242451389,0.0,677.6746008430588,True,0.2335823541093619,1.84,True
SPY260821P00681000,2026-07-20 19:39:33+00:00,681.0,2.3,1.91,1.93,0.0,0.0,39.0,1316,0.2232133343505859,False,REGULAR,USD,SPY,put,2026-08-21,744.5194091796875,2026-07-21T13:48:04.398522+00:00,1.92,0.02,0.0104166666666666,0.9146840117309052,-0.0891766157216197,0.085639129930175,31.25828242451389,0.0,678.6711811384162,True,0.2321789519693502,1.875,True
SPY260821P00682000,2026-07-20 19:39:33+00:00,682.0,2.35,1.96,1.97,0.0,0.0,1687.0,2642,0.2216264361572265,False,REGULAR,USD,SPY,put,2026-08-21,744.5194091796875,2026-07-21T13:48:04.398522+00:00,1.965,0.01,0.005089058524173,0.9160271600594384,-0.0877092640276698,0.085639129930175,31.25828242451389,0.0,679.6677614337736,True,0.2307368236982014,1.92,True
SPY260821P00683000,2026-07-20 19:52:04+00:00,683.0,2.51,1.98,2.0,0.0,0.0,630.0,1530,0.2196733306884765,False,REGULAR,USD,SPY,put,2026-08-21,744.5194091796875,2026-07-21T13:48:04.398522+00:00,1.99,0.02,0.0100502512562814,0.9173703083879712,-0.0862440623003419,0.085639129930175,31.25828242451389,0.0,680.664341729131,True,0.228667271101015,1.965,True
SPY260821P00684000,2026-07-20 19:40:27+00:00,684.0,2.46,2.03,2.06,0.0,0.0,414.0,3085,0.2185747088623046,False,REGULAR,USD,SPY,put,2026-08-21,744.5194091796875,2026-07-21T13:48:04.398522+00:00,2.045,0.0300000000000002,0.0146699266503668,0.918713456716504,-0.0847810042485815,0.085639129930175,31.25828242451389,0.0,681.6609220244885,True,0.2274506334423808,1.99,True
SPY260821P00685000,2026-07-20 20:09:25+00:00,685.0,2.7,2.11,2.12,0.0,0.0,2171.0,13235,0.2174150524902343,False,REGULAR,USD,SPY,put,2026-08-21,744.5194091796875,2026-07-21T13:48:04.398522+00:00,2.115,0.0100000000000002,0.0047281323877069,0.920056605045037,-0.0833200836089067,0.085639129930175,31.25828242451389,0.0,682.6575023198459,True,0.2266113181390044,2.045,True
SPY260821P00686000,2026-07-20 18:54:43+00:00,686.0,2.54,2.15,2.17,0.0,0.0,792.0,3315,0.2159197061157226,False,REGULAR,USD,SPY,put,2026-08-21,744.5194091796875,2026-07-21T13:48:04.398522+00:00,2.16,0.02,0.0092592592592592,0.9213997533735698,-0.0818612941452468,0.085639129930175,31.25828242451389,0.0,683.6540826152034,True,0.2250149244632963,2.115,True
SPY260821P00687000,2026-07-20 19:58:58+00:00,687.0,2.75,2.2,2.22,0.0,0.0,555.0,1974,0.2143938424682617,False,REGULAR,USD,SPY,put,2026-08-21,744.5194091796875,2026-07-21T13:48:04.398522+00:00,2.21,0.02,0.0090497737556561,0.9227429017021028,-0.0804046296487827,0.085639129930175,31.25828242451389,0.0,684.6506629105608,True,0.2235202568037617,2.16,True
SPY260821P00688000,2026-07-20 19:39:33+00:00,688.0,2.71,2.26,2.27,0.0,0.0,476.0,1186,0.2128374615478515,False,REGULAR,USD,SPY,put,2026-08-21,744.5194091796875,2026-07-21T13:48:04.398522+00:00,2.2649999999999997,0.0100000000000002,0.0044150110375276,0.9240860500306356,-0.0789500839377884,0.085639129930175,31.25828242451389,0.0,685.6472432059182,True,0.222120575878768,2.21,True
SPY260821P00689000,2026-07-20 19:54:04+00:00,689.0,2.91,2.31,2.34,0.0,0.0,292.0,1320,0.2117388397216796,False,REGULAR,USD,SPY,put,2026-08-21,744.5194091796875,2026-07-21T13:48:04.398522+00:00,2.325,0.0299999999999998,0.0129032258064515,0.9254291983591686,-0.0774976508574734,0.085639129930175,31.25828242451389,0.0,686.6438235012757,True,0.2208091942114903,2.2649999999999997,True
SPY260821P00690000,2026-07-21 13:30:04+00:00,690.0,2.31,2.37,2.39,-0.71000004,-23.509933,1.0,24480,0.2100909069824218,False,REGULAR,USD,SPY,put,2026-08-21,744.5194091796875,2026-07-21T13:48:04.398522+00:00,2.38,0.02,0.0084033613445378,0.9267723466877016,-0.0760473242798269,0.085639129930175,31.25828242451389,0.0,687.6404037966331,True,0.2193219573404617,2.325,True
SPY260821P00691000,2026-07-20 20:01:58+00:00,691.0,2.99,2.41,2.42,0.0,0.0,742.0,2066,0.207893663330078,False,REGULAR,USD,SPY,put,2026-08-21,744.5194091796875,2026-07-21T13:48:04.398522+00:00,2.415,0.0099999999999997,0.0041407867494823,0.9281154950162344,-0.0745990981034621,0.085639129930175,31.25828242451389,0.0,688.6369840919906,True,0.2172862187308904,2.38,True
SPY260821P00692000,2026-07-20 19:34:01+00:00,692.0,3.01,2.49,2.51,0.0,0.0,242.0,1440,0.2071612487792968,False,REGULAR,USD,SPY,put,2026-08-21,744.5194091796875,2026-07-21T13:48:04.398522+00:00,2.5,0.0199999999999995,0.0079999999999998,0.9294586433447672,-0.0731529662534624,0.085639129930175,31.25828242451389,0.0,689.633564387348,True,0.2164731667188656,2.415,True
SPY260821P00693000,2026-07-20 20:14:03+00:00,693.0,3.25,2.55,2.57,0.0,0.0,282.0,1487,0.2056353851318359,False,REGULAR,USD,SPY,put,2026-08-21,744.5194091796875,2026-07-21T13:48:04.398522+00:00,2.5599999999999996,0.02,0.0078125,0.9308017916733,-0.0717089226812288,0.085639129930175,31.25828242451389,0.0,690.6301446827055,True,0.2149822080507426,2.5,True
SPY260821P00694000,2026-07-20 19:59:01+00:00,694.0,3.26,2.47,2.51,0.0,0.0,460.0,1330,0.2012408978271484,False,REGULAR,USD,SPY,put,2026-08-21,744.5194091796875,2026-07-21T13:48:04.398522+00:00,2.49,0.0399999999999995,0.0160642570281122,0.932144940001833,-0.0702669613643275,0.085639129930175,31.25828242451389,0.0,691.6267249780628,True,0.2103018712532211,2.5599999999999996,False
SPY260821P00695000,2026-07-21 13:31:32+00:00,695.0,2.71,2.67,2.69,-0.53999996,-16.615383,18.0,14712,0.2024615887451171,False,REGULAR,USD,SPY,put,2026-08-21,744.5194091796875,2026-07-21T13:48:04.398522+00:00,2.6799999999999997,0.02,0.0074626865671641,0.933488088330366,-0.0688270763063398,0.085639129930175,31.25828242451389,0.0,692.6233052734203,True,0.2118714015167138,2.49,True
SPY260821P00696000,2026-07-20 19:28:16+00:00,696.0,3.48,2.74,2.76,0.0,0.0,228.0,3873,0.2009967596435546,False,REGULAR,USD,SPY,put,2026-08-21,744.5194091796875,2026-07-21T13:48:04.398522+00:00,2.75,0.0199999999999995,0.0072727272727271,0.9348312366588988,-0.0673892615367123,0.085639129930175,31.25828242451389,0.0,693.6198855687777,True,0.210484118821015,2.6799999999999997,True
SPY260821P00697000,2026-07-20 19:58:36+00:00,697.0,3.51,2.82,2.84,0.0,0.0,156.0,969,0.1997455514526367,False,REGULAR,USD,SPY,put,2026-08-21,744.5194091796875,2026-07-21T13:48:04.398522+00:00,2.83,0.02,0.0070671378091872,0.9361743849874318,-0.0659535111106081,0.085639129930175,31.25828242451389,0.0,694.6164658641352,True,0.2092740894768026,2.75,True
SPY260821P00698000,2026-07-20 19:59:15+00:00,698.0,3.66,2.9,2.92,0.0,0.0,70.0,1737,0.1984333087158203,False,REGULAR,USD,SPY,put,2026-08-21,744.5194091796875,2026-07-21T13:48:04.398522+00:00,2.91,0.02,0.0068728522336769,0.9375175333159648,-0.0645198191087595,0.085639129930175,31.25828242451389,0.0,695.6130461594927,True,0.2080073155325827,2.83,True
SPY260821P00699000,2026-07-20 19:58:13+00:00,699.0,3.69,2.98,3.0,0.0,0.0,417.0,1319,0.1970600314331054,False,REGULAR,USD,SPY,put,2026-08-21,744.5194091796875,2026-07-21T13:48:04.398522+00:00,2.99,0.02,0.0066889632107023,0.9388606816444977,-0.0630881796373218,0.085639129930175,31.25828242451389,0.0,696.6096264548501,True,0.2066851552638511,2.91,True
SPY260821P00700000,2026-07-21 13:31:23+00:00,700.0,3.05,3.06,3.09,-0.80999994,-20.984455,13.0,42616,0.1958393405151367,False,REGULAR,USD,SPY,put,2026-08-21,744.5194091796875,2026-07-21T13:48:04.398522+00:00,3.075,0.0299999999999998,0.0097560975609755,0.9402038299730304,-0.0616585868277274,0.085639129930175,31.25828242451389,0.0,697.6062067502075,True,0.205415708715415,2.99,True
SPY260821P00701000,2026-07-20 20:01:58+00:00,701.0,3.83,3.15,3.17,0.0,0.0,422.0,1986,0.194343994140625,False,REGULAR,USD,SPY,put,2026-08-21,744.5194091796875,2026-07-21T13:48:04.398522+00:00,3.16,0.02,0.0063291139240506,0.9415469783015632,-0.060231034836542,0.085639129930175,31.25828242451389,0.0,698.6027870455649,True,0.2040892885198714,3.075,True
SPY260821P00702000,2026-07-20 19:21:22+00:00,702.0,4.05,3.22,3.24,0.0,0.0,132.0,3116,0.1926350268554687,False,REGULAR,USD,SPY,put,2026-08-21,744.5194091796875,2026-07-21T13:48:04.398522+00:00,3.2300000000000004,0.02,0.0061919504643962,0.9428901266300964,-0.0588055178453208,0.085639129930175,31.25828242451389,0.0,699.5993673409224,True,0.2023980763297287,3.16,True
SPY260821P00703000,2026-07-20 19:17:44+00:00,703.0,4.19,3.32,3.35,0.0,0.0,329.0,1368,0.1916279568481445,False,REGULAR,USD,SPY,put,2026-08-21,744.5194091796875,2026-07-21T13:48:04.398522+00:00,3.335,0.0300000000000002,0.0089955022488756,0.9442332749586292,-0.0573820300604671,0.085639129930175,31.25828242451389,0.0,700.5959476362798,True,0.201371353932527,3.2300000000000004,True
SPY260821P00704000,2026-07-20 19:24:05+00:00,704.0,4.21,3.39,3.42,0.0,0.0,457.0,4806,0.1897969204711914,False,REGULAR,USD,SPY,put,2026-08-21,744.5194091796875,2026-07-21T13:48:04.398522+00:00,3.405,0.0299999999999998,0.0088105726872246,0.945576423287162,-0.0559605657130896,0.085639129930175,31.25828242451389,0.0,701.5925279316373,True,0.1995810988078039,3.335,True
SPY260821P00705000,2026-07-20 20:06:04+00:00,705.0,4.33,3.5,3.52,0.0,0.0,1783.0,13301,0.188484677734375,False,REGULAR,USD,SPY,put,2026-08-21,744.5194091796875,2026-07-21T13:48:04.398522+00:00,3.51,0.02,0.0056980056980057,0.946919571615695,-0.0545411190588633,0.085639129930175,31.25828242451389,0.0,702.5891082269947,True,0.1984316429627681,3.405,True
SPY260821P00706000,2026-07-20 20:10:41+00:00,706.0,4.55,3.6,3.62,0.0,0.0,13955.0,23020,0.1871114004516602,False,REGULAR,USD,SPY,put,2026-08-21,744.5194091796875,2026-07-21T13:48:04.398522+00:00,3.61,0.02,0.0055401662049861,0.9482627199442278,-0.0531236843778899,0.085639129930175,31.25828242451389,0.0,703.5856885223521,True,0.1971204202023729,3.51,True
SPY260821P00707000,2026-07-20 19:31:08+00:00,707.0,4.52,3.68,3.71,0.0,0.0,449.0,804,0.1854939849853515,False,REGULAR,USD,SPY,put,2026-08-21,744.5194091796875,2026-07-21T13:48:04.398522+00:00,3.695,0.0299999999999998,0.0081190798376183,0.9496058682727608,-0.0517082559745593,0.085639129930175,31.25828242451389,0.0,704.5822688177096,True,0.1954658698090859,3.61,True
SPY260821P00708000,2026-07-20 19:42:56+00:00,708.0,4.5,3.8,3.83,0.0,0.0,8179.0,18979,0.1843343286132812,False,REGULAR,USD,SPY,put,2026-08-21,744.5194091796875,2026-07-21T13:48:04.398522+00:00,3.815,0.0300000000000002,0.0078636959370904,0.9509490166012936,-0.0502948281774122,0.085639129930175,31.25828242451389,0.0,705.578849113067,True,0.1944080569601786,3.695,True
SPY260821P00709000,2026-07-20 19:58:13+00:00,709.0,4.79,3.88,3.91,0.0,0.0,254.0,7418,0.1824422576904296,False,REGULAR,USD,SPY,put,2026-08-21,744.5194091796875,2026-07-21T13:48:04.398522+00:00,3.895,0.0300000000000002,0.0077021822849808,0.9522921649298266,-0.0488833953390045,0.085639129930175,31.25828242451389,0.0,706.5754294084245,True,0.1925518388900327,3.815,True
SPY260821P00710000,2026-07-21 13:31:39+00:00,710.0,4.0,4.01,4.03,-1.0500002,-20.792082,29.0,37890,0.1811605322265624,False,REGULAR,USD,SPY,put,2026-08-21,744.5194091796875,2026-07-21T13:48:04.398522+00:00,4.02,0.0200000000000004,0.0049751243781095,0.9536353132583596,-0.0474739518357709,0.085639129930175,31.25828242451389,0.0,707.5720097037819,True,0.1914532329563627,3.895,True
SPY260821P00711000,2026-07-20 20:12:47+00:00,711.0,5.18,4.12,4.14,0.0,0.0,700.0,1283,0.1796651858520507,False,REGULAR,USD,SPY,put,2026-08-21,744.5194091796875,2026-07-21T13:48:04.398522+00:00,4.13,0.0199999999999995,0.0048426150121064,0.9549784615868924,-0.0460664920678911,0.085639129930175,31.25828242451389,0.0,708.5685899991394,True,0.1900187086414765,4.02,True
SPY260821P00712000,2026-07-21 13:30:04+00:00,712.0,4.13,4.23,4.26,-1.1999998,-22.514069,3.0,23507,0.1782613912963867,False,REGULAR,USD,SPY,put,2026-08-21,744.5194091796875,2026-07-21T13:48:04.398522+00:00,4.245,0.0299999999999993,0.0070671378091871,0.9563216099154253,-0.0446610104591562,0.085639129930175,31.25828242451389,0.0,709.5651702944967,True,0.1886078925931771,4.13,True
SPY260821P00713000,2026-07-20 19:31:16+00:00,713.0,5.24,4.34,4.37,0.0,0.0,709.0,2065,0.1766439758300781,False,REGULAR,USD,SPY,put,2026-08-21,744.5194091796875,2026-07-21T13:48:04.398522+00:00,4.355,0.0300000000000002,0.0068886337543054,0.957664758243958,-0.0432575014568361,0.085639129930175,31.25828242451389,0.0,710.5617505898542,True,0.1870478557062424,4.245,True
SPY260821P00714000,2026-07-20 19:24:05+00:00,714.0,5.49,4.49,4.53,0.0,0.0,580.0,30950,0.1757284576416015,False,REGULAR,USD,SPY,put,2026-08-21,744.5194091796875,2026-07-21T13:48:04.398522+00:00,4.51,0.04,0.0088691796008869,0.959007906572491,-0.0418559595315477,0.085639129930175,31.25828242451389,0.0,711.5583308852117,True,0.1861762761939129,4.355,True
SPY260821P00715000,2026-07-21 13:30:01+00:00,715.0,4.47,4.63,4.66,-1.3200002,-22.79793,6.0,27171,0.1742941458129883,False,REGULAR,USD,SPY,put,2026-08-21,744.5194091796875,2026-07-21T13:48:04.398522+00:00,4.645,0.0300000000000002,0.0064585575888052,0.960351054901024,-0.0404563791771243,0.085639129930175,31.25828242451389,0.0,712.5549111805691,True,0.1848921962424498,4.51,True
SPY260821P00716000,2026-07-20 19:30:58+00:00,716.0,5.76,4.77,4.8,0.0,0.0,474.0,10104,0.1729208685302734,False,REGULAR,USD,SPY,put,2026-08-21,744.5194091796875,2026-07-21T13:48:04.398522+00:00,4.785,0.0300000000000002,0.006269592476489,0.9616942032295568,-0.0390587549104863,0.085639129930175,31.25828242451389,0.0,713.5514914759266,True,0.1836159399811253,4.645,True
SPY260821P00717000,2026-07-21 13:30:00+00:00,717.0,4.72,4.9,4.93,-1.4000001,-22.87582,1.0,2264,0.1713034530639648,False,REGULAR,USD,SPY,put,2026-08-21,744.5194091796875,2026-07-21T13:48:04.398522+00:00,4.915,0.0299999999999993,0.0061037639877923,0.9630373515580898,-0.0376630812715116,0.085639129930175,31.25828242451389,0.0,714.548071771284,True,0.1821074750714455,4.785,True
SPY260821P00718000,2026-07-20 20:03:38+00:00,718.0,6.15,5.05,5.09,0.0,0.0,327.0,21580,0.1701132794189453,False,REGULAR,USD,SPY,put,2026-08-21,744.5194091796875,2026-07-21T13:48:04.398522+00:00,5.07,0.04,0.0078895463510848,0.9643804998866228,-0.0362693528229078,0.085639129930175,31.25828242451389,0.0,715.5446520666414,True,0.1809198844849892,4.915,True
SPY260821P00719000,2026-07-20 19:51:34+00:00,719.0,6.22,5.2,5.23,0.0,0.0,543.0,3271,0.1684958639526367,False,REGULAR,USD,SPY,put,2026-08-21,744.5194091796875,2026-07-21T13:48:04.398522+00:00,5.215,0.0300000000000002,0.0057526366251198,0.9657236482151556,-0.0348775641500853,0.085639129930175,31.25828242451389,0.0,716.5412323619988,True,0.1794995331506242,5.07,True
SPY260821P00720000,2026-07-21 13:30:03+00:00,720.0,5.21,5.32,5.35,-1.3800001,-20.94082,5.0,50644,0.1665427584838867,False,REGULAR,USD,SPY,put,2026-08-21,744.5194091796875,2026-07-21T13:48:04.398522+00:00,5.335,0.0299999999999993,0.0056232427366446,0.9670667965436884,-0.033487709861031,0.085639129930175,31.25828242451389,0.0,717.5378126573563,True,0.1776284276010624,5.215,True
SPY260821P00721000,2026-07-20 19:55:42+00:00,721.0,6.73,5.48,5.51,0.0,0.0,580.0,1295,0.1651084466552734,False,REGULAR,USD,SPY,put,2026-08-21,744.5194091796875,2026-07-21T13:48:04.398522+00:00,5.495,0.0299999999999993,0.0054595086442219,0.9684099448722214,-0.0320997845861829,0.085639129930175,31.25828242451389,0.0,718.5343929527137,True,0.1762895169170998,5.335,True
SPY260821P00722000,2026-07-20 20:14:41+00:00,722.0,6.96,5.59,5.63,0.0,0.0,963.0,2609,0.1630027548217773,False,REGULAR,USD,SPY,put,2026-08-21,744.5194091796875,2026-07-21T13:48:04.398522+00:00,5.609999999999999,0.04,0.0071301247771836,0.9697530932007544,-0.0307137829783057,0.085639129930175,31.25828242451389,0.0,719.5309732480712,True,0.1742123856839783,5.495,True
SPY260821P00723000,2026-07-20 20:06:55+00:00,723.0,7.05,5.7,5.74,0.0,0.0,489.0,2049,0.1607139593505859,False,REGULAR,USD,SPY,put,2026-08-21,744.5194091796875,2026-07-21T13:48:04.398522+00:00,5.720000000000001,0.04,0.0069930069930069,0.9710962415292872,-0.0293296997123673,0.085639129930175,31.25828242451389,0.0,720.5275535434287,True,0.1720025619652703,5.609999999999999,True
SPY260821P00724000,2026-07-21 13:30:03+00:00,724.0,5.84,5.97,6.0,-1.54,-20.867208,1.0,5564,0.1604087866210937,False,REGULAR,USD,SPY,put,2026-08-21,744.5194091796875,2026-07-21T13:48:04.398522+00:00,5.984999999999999,0.0300000000000002,0.0050125313283208,0.97243938985782,-0.0279475294854156,0.085639129930175,31.25828242451389,0.0,721.524133838786,True,0.1719400553900614,5.720000000000001,True
SPY260821P00725000,2026-07-21 13:31:42+00:00,725.0,6.18,6.16,6.2,-1.4100003,-18.577078,37.0,40836,0.159188095703125,False,REGULAR,USD,SPY,put,2026-08-21,744.5194091796875,2026-07-21T13:48:04.398522+00:00,6.18,0.04,0.0064724919093851,0.973782538186353,-0.0265672670164572,0.085639129930175,31.25828242451389,0.0,722.5207141341435,True,0.1707742589116456,5.984999999999999,True
SPY260821P00726000,2026-07-20 19:45:30+00:00,726.0,7.33,6.35,6.4,0.0,0.0,233.0,1559,0.1578453356933593,False,REGULAR,USD,SPY,put,2026-08-21,744.5194091796875,2026-07-21T13:48:04.398522+00:00,6.375,0.0500000000000007,0.007843137254902,0.9751256865148858,-0.0251889070463359,0.085639129930175,31.25828242451389,0.0,723.5172944295009,True,0.169517073222452,6.18,True
SPY260821P00727000,2026-07-20 20:09:12+00:00,727.0,8.01,6.6,6.63,0.0,0.0,643.0,2695,0.1568077484130859,False,REGULAR,USD,SPY,put,2026-08-21,744.5194091796875,2026-07-21T13:48:04.398522+00:00,6.615,0.0300000000000002,0.0045351473922902,0.9764688348434188,-0.0238124443376127,0.085639129930175,31.25828242451389,0.0,724.5138747248584,True,0.1687808937245147,6.375,True
SPY260821P00728000,2026-07-20 20:02:11+00:00,728.0,7.98,6.74,6.77,0.0,0.0,762.0,1800,0.1545189529418945,False,REGULAR,USD,SPY,put,2026-08-21,744.5194091796875,2026-07-21T13:48:04.398522+00:00,6.755,0.0299999999999993,0.0044411547002219,0.9778119831719516,-0.022437873674446,0.085639129930175,31.25828242451389,0.0,725.5104550202158,True,0.1665975684560613,6.615,True
SPY260821P00729000,2026-07-20 19:56:35+00:00,729.0,8.34,6.93,6.97,0.0,0.0,399.0,6114,0.152901537475586,False,REGULAR,USD,SPY,put,2026-08-21,744.5194091796875,2026-07-21T13:48:04.398522+00:00,6.949999999999999,0.04,0.0057553956834532,0.9791551315004846,-0.0210651898624738,0.085639129930175,31.25828242451389,0.0,726.5070353155733,True,0.1650720833386962,6.755,True
SPY260821P00730000,2026-07-21 13:31:15+00:00,730.0,7.13,7.12,7.16,-1.6499996,-18.792707,23.0,47416,0.1510705010986328,False,REGULAR,USD,SPY,put,2026-08-21,744.5194091796875,2026-07-21T13:48:04.398522+00:00,7.140000000000001,0.04,0.0056022408963585,0.9804982798290176,-0.0196943877286952,0.085639129930175,31.25828242451389,0.0,727.5036156109306,True,0.1633915809194621,6.949999999999999,True
SPY260821P00731000,2026-07-20 20:07:57+00:00,731.0,8.95,7.39,7.43,0.0,0.0,325.0,1074,0.1501549829101562,False,REGULAR,USD,SPY,put,2026-08-21,744.5194091796875,2026-07-21T13:48:04.398522+00:00,7.41,0.04,0.0053981106612685,0.9818414281575504,-0.0183254621213535,0.085639129930175,31.25828242451389,0.0,728.5001959062881,True,0.1626566652551097,7.140000000000001,True
SPY260821P00732000,2026-07-20 19:59:14+00:00,732.0,9.19,7.59,7.62,0.0,0.0,401.0,1643,0.1481408428955078,False,REGULAR,USD,SPY,put,2026-08-21,744.5194091796875,2026-07-21T13:48:04.398522+00:00,7.605,0.0300000000000002,0.0039447731755424,0.9831845764860832,-0.0169584079098205,0.085639129930175,31.25828242451389,0.0,729.4967762016456,True,0.1608513276553454,7.41,True
SPY260821P00733000,2026-07-20 20:02:14+00:00,733.0,9.2,7.88,7.92,0.0,0.0,531.0,2949,0.1473473937988281,False,REGULAR,USD,SPY,put,2026-08-21,744.5194091796875,2026-07-21T13:48:04.398522+00:00,7.9,0.04,0.0050632911392405,0.984527724814616,-0.0155932199844805,0.085639129930175,31.25828242451389,0.0,730.493356497003,True,0.1602177746459159,7.605,True
SPY260821P00734000,2026-07-20 20:13:18+00:00,734.0,9.77,8.05,8.1,0.0,0.0,313.0,1538,0.1449975637817382,False,REGULAR,USD,SPY,put,2026-08-21,744.5194091796875,2026-07-21T13:48:04.398522+00:00,8.075,0.0499999999999989,0.0061919504643961,0.985870873143149,-0.0142298932566165,0.085639129930175,31.25828242451389,0.0,731.4899367923605,True,0.1579677856119427,7.9,True
SPY260821P00735000,2026-07-21 13:30:53+00:00,735.0,8.15,8.28,8.32,-1.6600008,-16.921516,4.0,40247,0.143013941040039,False,REGULAR,USD,SPY,put,2026-08-21,744.5194091796875,2026-07-21T13:48:04.398522+00:00,8.3,0.0400000000000009,0.0048192771084338,0.987214021471682,-0.0128684226582953,0.085639129930175,31.25828242451389,0.0,732.4865170877179,True,0.1562487539489452,8.075,True
SPY260821P00736000,2026-07-20 20:02:25+00:00,736.0,10.06,8.59,8.64,0.0,0.0,409.0,1671,0.1421289401245117,False,REGULAR,USD,SPY,put,2026-08-21,744.5194091796875,2026-07-21T13:48:04.398522+00:00,8.615,0.0500000000000007,0.0058038305281486,0.9885571698002148,-0.0115088031422557,0.085639129930175,31.25828242451389,0.0,733.4830973830753,True,0.1555303408807569,8.3,True
SPY260821P00737000,2026-07-20 20:09:41+00:00,737.0,10.64,8.86,8.91,0.0,0.0,733.0,2024,0.1405115246582031,False,REGULAR,USD,SPY,put,2026-08-21,744.5194091796875,2026-07-21T13:48:04.398522+00:00,8.885,0.0500000000000007,0.0056274620146314,0.9899003181287478,-0.0101510296817954,0.085639129930175,31.25828242451389,0.0,734.4796776784327,True,0.1541437630796908,8.615,True
SPY260821P00738000,2026-07-20 19:54:07+00:00,738.0,10.81,9.13,9.17,0.0,0.0,798.0,2095,0.1386652296447754,False,REGULAR,USD,SPY,put,2026-08-21,744.5194091796875,2026-07-21T13:48:04.398522+00:00,9.15,0.0399999999999991,0.0043715846994534,0.9912434664572808,-0.0087950972706595,0.085639129930175,31.25828242451389,0.0,735.4762579737902,True,0.1525844476765688,8.885,True
SPY260821P00739000,2026-07-21 13:30:19+00:00,739.0,8.97,9.4,9.45,-2.3599997,-20.829653,1.0,6151,0.1369257450866699,False,REGULAR,USD,SPY,put,2026-08-21,744.5194091796875,2026-07-21T13:48:04.398522+00:00,9.425,0.0499999999999989,0.0053050397877982,0.9925866147858136,-0.0074410009229302,0.085639129930175,31.25828242451389,0.0,736.4728382691477,True,0.1510315896845379,9.15,True
SPY260821P00740000,2026-07-21 13:30:59+00:00,740.0,9.55,9.67,9.72,-2.0900002,-17.955328,6.0,26388,0.1349421223449707,False,REGULAR,USD,SPY,put,2026-08-21,744.5194091796875,2026-07-21T13:48:04.398522+00:00,9.695,0.0500000000000007,0.0051572975760702,0.9939297631143464,-0.0060887356729166,0.085639129930175,31.25828242451389,0.0,737.4694185645051,True,0.1493033191579289,9.425,True
SPY260821P00741000,2026-07-21 13:32:13+00:00,741.0,10.01,9.98,10.01,-1.9699993,-16.444069,1.0,1036,0.1330500514221191,False,REGULAR,USD,SPY,put,2026-08-21,744.5194091796875,2026-07-21T13:48:04.398522+00:00,9.995,0.0299999999999993,0.0030015007503751,0.9952729114428794,-0.0047382965750451,0.085639129930175,31.25828242451389,0.0,738.4659988598626,True,0.1478105362620777,9.695,True
SPY260821P00742000,2026-07-21 13:30:01+00:00,742.0,9.88,10.34,10.37,-2.37,-19.346937,2.0,1961,0.1318293605041504,False,REGULAR,USD,SPY,put,2026-08-21,744.5194091796875,2026-07-21T13:48:04.398522+00:00,10.355,0.0299999999999993,0.0028971511347174,0.9966160597714124,-0.0033896787037515,0.085639129930175,31.25828242451389,0.0,739.4625791552199,True,0.1468952637598987,9.995,True
SPY260821P00743000,2026-07-21 13:32:43+00:00,743.0,10.66,10.63,10.66,-2.0600004,-16.194971,13.0,1975,0.1296473754882812,False,REGULAR,USD,SPY,put,2026-08-21,744.5194091796875,2026-07-21T13:48:04.398522+00:00,10.645,0.0299999999999993,0.0028182245185532,0.9979592080999452,-0.0020428771533728,0.085639129930175,31.25828242451389,0.0,740.4591594505774,True,0.1450320631001462,10.355,True
SPY260821P00744000,2026-07-20 20:00:33+00:00,744.0,12.59,10.95,10.98,0.0,0.0,1568.0,2632,0.1276790113830566,False,REGULAR,USD,SPY,put,2026-08-21,744.5194091796875,2026-07-21T13:48:04.398522+00:00,10.965,0.0300000000000011,0.0027359781121752,0.999302356428478,-0.0006978870380401,0.085639129930175,31.25828242451389,0.0,741.4557397459348,True,0.1433884900874354,10.645,True
SPY260821C00745000,2026-07-20 20:14:06+00:00,745.0,12.82,14.22,14.33,0.0,0.0,2748.0,12762,0.1657798266601562,False,REGULAR,USD,SPY,call,2026-08-21,744.5194091796875,2026-07-21T13:48:04.398522+00:00,14.275,0.1099999999999994,0.0077057793345008,1.000645504757011,0.0006452965084275,0.085639129930175,31.25828242451389,2.067089138395204,744.5194091796875,True,0.1522679950974222,14.989999999999998,True
SPY260821C00746000,2026-07-21 13:32:17+00:00,746.0,13.66,13.6,13.65,1.29,10.428456,26.0,1372,0.1634910311889648,False,REGULAR,USD,SPY,call,2026-08-21,744.5194091796875,2026-07-21T13:48:04.398522+00:00,13.625,0.0500000000000007,0.0036697247706422,1.001988653085544,0.0019866783326288,0.085639129930175,31.25828242451389,1.0705088430378282,744.5194091796875,True,0.1506347789717464,14.275,True
SPY260821C00747000,2026-07-20 20:14:03+00:00,747.0,11.67,13.27,13.34,0.0,0.0,1136.0,1984,0.1652915502929687,False,REGULAR,USD,SPY,call,2026-08-21,744.5194091796875,2026-07-21T13:48:04.398522+00:00,13.305,0.0700000000000002,0.0052611800075159,1.0033318014140769,0.0033262632616853,0.085639129930175,31.25828242451389,0.0739285476803388,744.5194091796875,True,0.1526655428645727,13.625,True
SPY260821C00748000,2026-07-20 20:13:21+00:00,748.0,11.1,12.38,12.43,0.0,0.0,4778.0,3977,0.1601341311645507,False,REGULAR,USD,SPY,call,2026-08-21,744.5194091796875,2026-07-21T13:48:04.398522+00:00,12.405,0.0499999999999989,0.0040306328093509,1.0046749497426095,0.0046640561033452,0.085639129930175,31.25828242451389,0.0,744.5194091796875,True,0.1478834052540483,13.305,True
SPY260821C00749000,2026-07-20 20:13:30+00:00,749.0,10.55,11.83,11.89,0.0,0.0,1074.0,2018,0.1590660266113281,False,REGULAR,USD,SPY,call,2026-08-21,744.5194091796875,2026-07-21T13:48:04.398522+00:00,11.86,0.0600000000000005,0.0050590219224283,1.0060180980711426,0.0060000616460874,0.085639129930175,31.25828242451389,0.0,744.5194091796875,True,0.1470451465650254,12.405,True
SPY260821C00750000,2026-07-21 13:32:08+00:00,750.0,11.24,11.15,11.19,1.2399998,12.399998,79.0,16218,0.1560142993164062,False,REGULAR,USD,SPY,call,2026-08-21,744.5194091796875,2026-07-21T13:48:04.398522+00:00,11.17,0.0399999999999991,0.0035810205908683,1.0073612463996755,0.007334284659224,0.085639129930175,31.25828242451389,0.0,744.5194091796875,True,0.1443907224893207,11.86,True
SPY260821C00751000,2026-07-21 13:30:03+00:00,751.0,11.02,10.62,10.68,1.2200003,12.448982,33.0,2937,0.1549919706726074,False,REGULAR,USD,SPY,call,2026-08-21,744.5194091796875,2026-07-21T13:48:04.398522+00:00,10.65,0.0600000000000005,0.0056338028169014,1.0087043947282084,0.0086667298930026,0.085639129930175,31.25828242451389,0.0,744.5194091796875,True,0.1435462435853774,11.17,True
SPY260821C00752000,2026-07-21 13:30:02+00:00,752.0,10.49,9.97,10.03,1.6099997,18.130627,1.0,6280,0.1522148988342285,False,REGULAR,USD,SPY,call,2026-08-21,744.5194091796875,2026-07-21T13:48:04.398522+00:00,10.0,0.0599999999999987,0.0059999999999998,1.0100475430567413,0.0099974020787077,0.085639129930175,31.25828242451389,0.0,744.5194091796875,True,0.1410414706483552,10.65,True
SPY260821C00753000,2026-07-20 20:14:45+00:00,753.0,8.39,9.46,9.5,0.0,0.0,675.0,2855,0.150673776550293,False,REGULAR,USD,SPY,call,2026-08-21,744.5194091796875,2026-07-21T13:48:04.398522+00:00,9.48,0.0399999999999991,0.0042194092827003,1.0113906913852742,0.0113263059287614,0.085639129930175,31.25828242451389,0.0,744.5194091796875,True,0.1398841844193012,10.0,True
SPY260821C00754000,2026-07-20 19:57:32+00:00,754.0,7.96,8.92,8.96,0.0,0.0,770.0,3534,0.1488427401733398,False,REGULAR,USD,SPY,call,2026-08-21,744.5194091796875,2026-07-21T13:48:04.398522+00:00,8.940000000000001,0.0400000000000009,0.0044742729306488,1.012733839713807,0.0126534461368239,0.085639129930175,31.25828242451389,0.0,744.5194091796875,True,0.1383302185901855,9.48,True
SPY260821C00755000,2026-07-21 13:31:41+00:00,755.0,8.45,8.44,8.49,1.02,13.672923,6.0,9272,0.1476830838012695,False,REGULAR,USD,SPY,call,2026-08-21,744.5194091796875,2026-07-21T13:48:04.398522+00:00,8.465,0.0500000000000007,0.0059066745422328,1.01407698804234,0.0139788273778925,0.085639129930175,31.25828242451389,0.0,744.5194091796875,True,0.1373745886874986,8.940000000000001,True
SPY260821C00756000,2026-07-20 19:56:49+00:00,756.0,7.02,7.91,7.95,0.0,0.0,1796.0,3231,0.145516357421875,False,REGULAR,USD,SPY,call,2026-08-21,744.5194091796875,2026-07-21T13:48:04.398522+00:00,7.93,0.04,0.0050441361916771,1.0154201363708728,0.0153024543084008,0.085639129930175,31.25828242451389,0.0,744.5194091796875,True,0.1355349792969578,8.465,True
SPY260821C00757000,2026-07-20 19:57:55+00:00,757.0,6.59,7.44,7.48,0.0,0.0,1063.0,3032,0.1440210110473632,False,REGULAR,USD,SPY,call,2026-08-21,744.5194091796875,2026-07-21T13:48:04.398522+00:00,7.460000000000001,0.04,0.0053619302949061,1.0167632846994057,0.0166243315663166,0.085639129930175,31.25828242451389,0.0,744.5194091796875,True,0.1342923370799731,7.93,True
SPY260821C00758000,2026-07-20 19:57:10+00:00,758.0,6.17,6.99,7.03,0.0,0.0,1038.0,2590,0.1426172164916992,False,REGULAR,USD,SPY,call,2026-08-21,744.5194091796875,2026-07-21T13:48:04.398522+00:00,7.01,0.04,0.0057061340941512,1.0181064330279388,0.0179444637712397,0.085639129930175,31.25828242451389,0.0,744.5194091796875,True,0.1331129405298239,7.460000000000001,True
SPY260821C00759000,2026-07-20 19:53:23+00:00,759.0,5.76,6.51,6.55,0.0,0.0,1032.0,2030,0.14063359375,False,REGULAR,USD,SPY,call,2026-08-21,744.5194091796875,2026-07-21T13:48:04.398522+00:00,6.529999999999999,0.04,0.006125574272588,1.0194495813564717,0.0192628555244979,0.085639129930175,31.25828242451389,0.0,744.5194091796875,True,0.1313759062595405,7.01,True
SPY260821C00760000,2026-07-21 13:32:14+00:00,760.0,6.11,6.1,6.13,0.77,14.419476,97.0,21526,0.1391992819213867,False,REGULAR,USD,SPY,call,2026-08-21,744.5194091796875,2026-07-21T13:48:04.398522+00:00,6.115,0.0300000000000002,0.0049059689288634,1.0207927296850046,0.0205795114092447,0.085639129930175,31.25828242451389,0.0,744.5194091796875,True,0.1302515821491543,6.529999999999999,True
SPY260821C00761000,2026-07-20 20:14:33+00:00,761.0,4.96,5.69,5.72,0.0,0.0,667.0,1847,0.1377344528198242,False,REGULAR,USD,SPY,call,2026-08-21,744.5194091796875,2026-07-21T13:48:04.398522+00:00,5.705,0.0299999999999993,0.0052585451358456,1.0221358780135374,0.0218944359905538,0.085639129930175,31.25828242451389,0.0,744.5194091796875,True,0.1289975111512734,6.115,True
SPY260821C00762000,2026-07-21 13:30:14+00:00,762.0,5.67,5.31,5.34,1.1100001,24.34211,11.0,2918,0.1364374687194824,False,REGULAR,USD,SPY,call,2026-08-21,744.5194091796875,2026-07-21T13:48:04.398522+00:00,5.324999999999999,0.0300000000000002,0.0056338028169014,1.0234790263420703,0.0232076338155142,0.085639129930175,31.25828242451389,0.0,744.5194091796875,True,0.1279323359078479,5.705,True
SPY260821C00763000,2026-07-21 13:30:04+00:00,763.0,5.2,4.9,4.92,0.85999966,19.81566,11.0,2192,0.1344080700683594,False,REGULAR,USD,SPY,call,2026-08-21,744.5194091796875,2026-07-21T13:48:04.398522+00:00,4.91,0.0199999999999995,0.0040733197556007,1.0248221746706032,0.0245191094133249,0.085639129930175,31.25828242451389,0.0,744.5194091796875,True,0.1261963503938851,5.324999999999999,True
SPY260821C00764000,2026-07-20 19:32:48+00:00,764.0,4.17,4.56,4.58,0.0,0.0,601.0,1659,0.133248413696289,False,REGULAR,USD,SPY,call,2026-08-21,744.5194091796875,2026-07-21T13:48:04.398522+00:00,4.57,0.0200000000000004,0.0043763676148797,1.026165322999136,0.0258288672953884,0.085639129930175,31.25828242451389,0.0,744.5194091796875,True,0.1252496993121367,4.91,True
SPY260821C00765000,2026-07-21 13:30:12+00:00,765.0,4.5,4.25,4.29,0.8399999,22.950817,36.0,12766,0.1326075509643555,False,REGULAR,USD,SPY,call,2026-08-21,744.5194091796875,2026-07-21T13:48:04.398522+00:00,4.27,0.04,0.009367681498829,1.027508471327669,0.0271369119554037,0.085639129930175,31.25828242451389,0.0,744.5194091796875,True,0.1246577644808984,4.57,True
SPY260821C00766000,2026-07-20 19:45:37+00:00,766.0,3.56,3.91,3.94,0.0,0.0,726.0,2840,0.1308985836791992,False,REGULAR,USD,SPY,call,2026-08-21,744.5194091796875,2026-07-21T13:48:04.398522+00:00,3.925,0.0299999999999998,0.0076433121019107,1.028851619656202,0.0284432478694592,0.085639129930175,31.25828242451389,0.0,744.5194091796875,True,0.1232231976744283,4.27,True
SPY260821C00767000,2026-07-20 20:14:30+00:00,767.0,3.09,3.61,3.64,0.0,0.0,1166.0,2694,0.1296778927612304,False,REGULAR,USD,SPY,call,2026-08-21,744.5194091796875,2026-07-21T13:48:04.398522+00:00,3.625,0.0300000000000002,0.0082758620689655,1.0301947679847347,0.029747879496124,0.085639129930175,31.25828242451389,0.0,744.5194091796875,True,0.1222121570000169,3.925,True
SPY260821C00768000,2026-07-20 19:54:55+00:00,768.0,2.86,3.33,3.36,0.0,0.0,347.0,2412,0.1285792709350585,False,REGULAR,USD,SPY,call,2026-08-21,744.5194091796875,2026-07-21T13:48:04.398522+00:00,3.345,0.0299999999999998,0.0089686098654707,1.0315379163132676,0.03105081127654,0.085639129930175,31.25828242451389,0.0,744.5194091796875,True,0.121281554058211,3.625,True
SPY260821C00769000,2026-07-20 19:59:01+00:00,769.0,2.61,3.06,3.08,0.0,0.0,442.0,2461,0.1272365109252929,False,REGULAR,USD,SPY,call,2026-08-21,744.5194091796875,2026-07-21T13:48:04.398522+00:00,3.0700000000000003,0.02,0.006514657980456,1.0328810646418003,0.0323520476345118,0.085639129930175,31.25828242451389,0.0,744.5194091796875,True,0.1202033621292171,3.345,True
SPY260821C00770000,2026-07-21 13:30:04+00:00,770.0,2.97,2.8,2.83,0.5799999,24.267778,14.0,23239,0.1261684063720703,False,REGULAR,USD,SPY,call,2026-08-21,744.5194091796875,2026-07-21T13:48:04.398522+00:00,2.815,0.0300000000000002,0.0106571936056839,1.0342242129703334,0.0336515929765973,0.085639129930175,31.25828242451389,0.0,744.5194091796875,True,0.1192114548911979,3.0700000000000003,True
SPY260821C00771000,2026-07-20 20:14:07+00:00,771.0,2.17,2.56,2.59,0.0,0.0,874.0,4566,0.12500875,False,REGULAR,USD,SPY,call,2026-08-21,744.5194091796875,2026-07-21T13:48:04.398522+00:00,2.575,0.0299999999999998,0.0116504854368931,1.0355673612988665,0.0349494516921975,0.085639129930175,31.25828242451389,0.0,744.5194091796875,True,0.1182334703408081,2.815,True
SPY260821C00772000,2026-07-21 13:30:03+00:00,772.0,2.51,2.35,2.39,0.53,26.767675,1.0,2730,0.1243373699951172,False,REGULAR,USD,SPY,call,2026-08-21,744.5194091796875,2026-07-21T13:48:04.398522+00:00,2.37,0.04,0.0168776371308017,1.0369105096273994,0.0362456281536442,0.085639129930175,31.25828242451389,0.0,744.5194091796875,True,0.1176323777001099,2.575,True
SPY260821C00773000,2026-07-21 13:30:00+00:00,773.0,2.32,2.17,2.2,0.49999988,27.47252,1.0,4214,0.1236659899902343,False,REGULAR,USD,SPY,call,2026-08-21,744.5194091796875,2026-07-21T13:48:04.398522+00:00,2.185,0.0300000000000002,0.0137299771167049,1.0382536579559325,0.0375401267162899,0.085639129930175,31.25828242451389,0.0,744.5194091796875,True,0.1171822128373618,2.37,True
SPY260821C00774000,2026-07-20 20:00:26+00:00,774.0,1.72,1.97,2.0,0.0,0.0,826.0,1991,0.1225673681640625,False,REGULAR,USD,SPY,call,2026-08-21,744.5194091796875,2026-07-21T13:48:04.398522+00:00,1.985,0.03,0.0151133501259446,1.0395968062844652,0.0388329517185951,0.085639129930175,31.25828242451389,0.0,744.5194091796875,True,0.1162304811009466,2.185,True
SPY260821C00775000,2026-07-21 13:30:04+00:00,775.0,1.91,1.8,1.82,0.40999997,27.33333,13.0,30384,0.1215908154296875,False,REGULAR,USD,SPY,call,2026-08-21,744.5194091796875,2026-07-21T13:48:04.398522+00:00,1.81,0.02,0.011049723756906,1.040939954612998,0.0401241074822149,0.085639129930175,31.25828242451389,0.0,744.5194091796875,True,0.1155260445624633,1.985,True
SPY260821C00776000,2026-07-21 13:30:05+00:00,776.0,1.76,1.64,1.66,0.41999996,31.34328,3.0,3400,0.1208584008789062,False,REGULAR,USD,SPY,call,2026-08-21,744.5194091796875,2026-07-21T13:48:04.398522+00:00,1.65,0.02,0.0121212121212121,1.042283102941531,0.0414135983120867,0.085639129930175,31.25828242451389,0.0,744.5194091796875,True,0.1149000096530137,1.81,True
SPY260821C00777000,2026-07-20 19:52:43+00:00,777.0,1.25,1.48,1.51,0.0,0.0,835.0,4337,0.1200649517822265,False,REGULAR,USD,SPY,call,2026-08-21,744.5194091796875,2026-07-21T13:48:04.398522+00:00,1.495,0.03,0.020066889632107,1.0436262512700638,0.0427014284965154,0.085639129930175,31.25828242451389,0.0,744.5194091796875,True,0.114147995928245,1.65,True
SPY260821C00778000,2026-07-21 13:30:01+00:00,778.0,1.45,1.35,1.37,0.30000007,26.086964,2.0,2996,0.1192715026855468,False,REGULAR,USD,SPY,call,2026-08-21,744.5194091796875,2026-07-21T13:48:04.398522+00:00,1.36,0.02,0.0147058823529411,1.0449693995985967,0.0439876023072595,0.085639129930175,31.25828242451389,0.0,744.5194091796875,True,0.1136144197951285,1.495,True
SPY260821C00779000,2026-07-20 19:13:17+00:00,779.0,1.05,1.31,1.33,0.0,0.0,389.0,1886,0.1207973663330078,False,REGULAR,USD,SPY,call,2026-08-21,744.5194091796875,2026-07-21T13:48:04.398522+00:00,1.32,0.02,0.0151515151515151,1.0463125479271296,0.0452721239996161,0.085639129930175,31.25828242451389,0.0,744.5194091796875,True,0.115195077032856,1.36,True
SPY260821C00780000,2026-07-21 13:30:54+00:00,780.0,1.16,1.1,1.12,0.23999995,26.08695,7.0,24807,0.1178066735839843,False,REGULAR,USD,SPY,call,2026-08-21,744.5194091796875,2026-07-21T13:48:04.398522+00:00,1.11,0.02,0.018018018018018,1.0476556962556625,0.0465549978125053,0.085639129930175,31.25828242451389,0.0,744.5194091796875,True,0.1123394516690824,1.32,True
SPY260821C00781000,2026-07-21 13:31:30+00:00,781.0,1.01,1.0,1.02,0.15999997,18.604647,207.0,1446,0.1173794317626953,False,REGULAR,USD,SPY,call,2026-08-21,744.5194091796875,2026-07-21T13:48:04.398522+00:00,1.01,0.02,0.0198019801980198,1.0489988445841951,0.0478362279685538,0.085639129930175,31.25828242451389,0.0,744.5194091796875,True,0.1120181175054296,1.11,True
SPY260821C00782000,2026-07-21 13:30:48+00:00,782.0,0.96,0.91,0.93,0.16999996,21.518982,8.0,1322,0.1170132244873046,False,REGULAR,USD,SPY,call,2026-08-21,744.5194091796875,2026-07-21T13:48:04.398522+00:00,0.92,0.02,0.0217391304347826,1.0503419929127282,0.0491158186741789,0.085639129930175,31.25828242451389,0.0,744.5194091796875,True,0.1117768252623672,1.01,True
SPY260821C00783000,2026-07-20 19:58:01+00:00,783.0,0.83,0.82,0.83,0.15999997,31.372538,57.0,1712,0.1161587408447265,False,REGULAR,USD,SPY,call,2026-08-21,744.5194091796875,2026-07-21T13:48:04.398522+00:00,0.825,0.01,0.0121212121212121,1.0516851412412611,0.0503937741196709,0.085639129930175,31.25828242451389,0.0,744.5194091796875,True,0.1111660471598684,0.92,True
SPY260821C00784000,2026-07-21 13:31:30+00:00,784.0,0.75,0.75,0.76,0.100000024,15.384619,107.0,943,0.1160366717529296,False,REGULAR,USD,SPY,call,2026-08-21,744.5194091796875,2026-07-21T13:48:04.398522+00:00,0.755,0.01,0.0132450331125827,1.0530282895697942,0.0516700984792759,0.085639129930175,31.25828242451389,0.0,744.5194091796875,True,0.1111410295122113,0.825,True
SPY260821C00785000,2026-07-21 13:31:01+00:00,785.0,0.7,0.68,0.7,0.15999997,29.629622,61.0,5315,0.1160977062988281,False,REGULAR,USD,SPY,call,2026-08-21,744.5194091796875,2026-07-21T13:48:04.398522+00:00,0.69,0.0199999999999999,0.0289855072463766,1.054371437898327,0.0529447959112764,0.085639129930175,31.25828242451389,0.0,744.5194091796875,True,0.1111105863295656,0.755,True
SPY260821C00786000,2026-07-20 19:59:27+00:00,786.0,0.48,0.63,0.64,0.0,0.0,509.0,1564,0.1159756372070312,False,REGULAR,USD,SPY,call,2026-08-21,744.5194091796875,2026-07-21T13:48:04.398522+00:00,0.635,0.01,0.015748031496063,1.05571458622686,0.0542178705580745,0.085639129930175,31.25828242451389,0.0,744.5194091796875,True,0.1112749327169024,0.69,True
SPY260821C00787000,2026-07-20 19:05:09+00:00,787.0,0.48,0.58,0.59,0.0,0.0,54.0,1452,0.1160977062988281,False,REGULAR,USD,SPY,call,2026-08-21,744.5194091796875,2026-07-21T13:48:04.398522+00:00,0.585,0.01,0.0170940170940171,1.0570577345553929,0.0554893265462712,0.085639129930175,31.25828242451389,0.0,744.5194091796875,True,0.1114801862759946,0.635,True
SPY260821C00788000,2026-07-20 19:15:11+00:00,788.0,0.41,0.49,0.5,0.0,0.0,70.0,1176,0.114266669921875,False,REGULAR,USD,SPY,call,2026-08-21,744.5194091796875,2026-07-21T13:48:04.398522+00:00,0.495,0.01,0.0202020202020202,1.0584008828839258,0.0567591679867471,0.085639129930175,31.25828242451389,0.0,744.5194091796875,True,0.1097924374409836,0.585,True
SPY260821C00789000,2026-07-20 19:54:04+00:00,789.0,0.36,0.49,0.5,0.0,0.0,33.0,928,0.1163418444824218,False,REGULAR,USD,SPY,call,2026-08-21,744.5194091796875,2026-07-21T13:48:04.398522+00:00,0.495,0.01,0.0202020202020202,1.0597440312124586,0.0580273989747422,0.085639129930175,31.25828242451389,0.0,744.5194091796875,True,0.1118628165867896,0.495,True
SPY260821C00790000,2026-07-20 19:56:49+00:00,790.0,0.33,0.4,0.42,0.0,0.0,3409.0,17649,0.1145108081054687,False,REGULAR,USD,SPY,call,2026-08-21,744.5194091796875,2026-07-21T13:48:04.398522+00:00,0.41,0.0199999999999999,0.0487804878048779,1.0610871795409915,0.0592940235899351,0.085639129930175,31.25828242451389,0.0,744.5194091796875,True,0.1098454529679404,0.495,True
SPY260821C00791000,2026-07-20 19:11:19+00:00,791.0,0.31,0.39,0.4,0.0,0.0,74.0,1293,0.1153652917480468,False,REGULAR,USD,SPY,call,2026-08-21,744.5194091796875,2026-07-21T13:48:04.398522+00:00,0.395,0.01,0.0253164556962025,1.0624303278695244,0.0605590458965218,0.085639129930175,31.25828242451389,0.0,744.5194091796875,True,0.1110682425930262,0.41,True
SPY260821C00792000,2026-07-20 20:10:46+00:00,792.0,0.28,0.36,0.37,0.0,0.0,2609.0,1435,0.1157314990234375,False,REGULAR,USD,SPY,call,2026-08-21,744.5194091796875,2026-07-21T13:48:04.398522+00:00,0.365,0.01,0.0273972602739726,1.0637734761980573,0.0618224699432937,0.085639129930175,31.25828242451389,0.0,744.5194091796875,True,0.1114219029567786,0.395,True
SPY260821C00793000,2026-07-20 19:46:06+00:00,793.0,0.26,0.33,0.34,0.0,0.0,300.0,1031,0.1158535681152343,False,REGULAR,USD,SPY,call,2026-08-21,744.5194091796875,2026-07-21T13:48:04.398522+00:00,0.335,0.01,0.0298507462686567,1.0651166245265902,0.0630842997637158,0.085639129930175,31.25828242451389,0.0,744.5194091796875,True,0.1116457998438561,0.365,True
SPY260821C00794000,2026-07-20 19:47:20+00:00,794.0,0.24,0.3,0.31,0.0,0.0,165.0,960,0.1158535681152343,False,REGULAR,USD,SPY,call,2026-08-21,744.5194091796875,2026-07-21T13:48:04.398522+00:00,0.305,0.01,0.0327868852459016,1.066459772855123,0.0643445393760036,0.085639129930175,31.25828242451389,0.0,744.5194091796875,True,0.1117238108995633,0.335,True
SPY260821C00795000,2026-07-20 19:57:51+00:00,795.0,0.2,0.27,0.29,0.0,0.0,188.0,3233,0.1164639135742187,False,REGULAR,USD,SPY,call,2026-08-21,744.5194091796875,2026-07-21T13:48:04.398522+00:00,0.28,0.0199999999999999,0.0714285714285712,1.067802921183656,0.0656031927831997,0.085639129930175,31.25828242451389,0.0,744.5194091796875,True,0.1119746451225709,0.305,True
SPY260821C00796000,2026-07-21 13:31:30+00:00,796.0,0.24,0.23,0.24,0.00999999,4.3478217,61.0,1159,0.1146328771972656,False,REGULAR,USD,SPY,call,2026-08-21,744.5194091796875,2026-07-21T13:48:04.398522+00:00,0.235,0.0099999999999999,0.0425531914893616,1.0691460695121888,0.0668602639732508,0.085639129930175,31.25828242451389,0.0,744.5194091796875,True,0.1106024370438805,0.28,True
SPY260821C00797000,2026-07-20 17:57:25+00:00,797.0,0.21,0.23,0.24,0.0,0.0,26.0,1190,0.1164639135742187,False,REGULAR,USD,SPY,call,2026-08-21,744.5194091796875,2026-07-21T13:48:04.398522+00:00,0.235,0.0099999999999999,0.0425531914893616,1.070489217840722,0.0681157569190831,0.085639129930175,31.25828242451389,0.0,744.5194091796875,True,0.1124241990960398,0.235,True
SPY260821C00798000,2026-07-20 15:23:20+00:00,798.0,0.21,0.21,0.22,0.0,0.0,362.0,1351,0.1165859826660156,False,REGULAR,USD,SPY,call,2026-08-21,744.5194091796875,2026-07-21T13:48:04.398522+00:00,0.215,0.01,0.0465116279069767,1.0718323661692548,0.0693696755786768,0.085639129930175,31.25828242451389,0.0,744.5194091796875,True,0.1126377699461365,0.235,True
SPY260821C00799000,2026-07-21 13:31:30+00:00,799.0,0.19,0.18,0.19,0.030000001,18.75,149.0,998,0.1157314990234375,False,REGULAR,USD,SPY,call,2026-08-21,744.5194091796875,2026-07-21T13:48:04.398522+00:00,0.185,0.01,0.0540540540540541,1.0731755144977877,0.0706220238951426,0.085639129930175,31.25828242451389,0.0,744.5194091796875,True,0.111808102560627,0.215,True
SPY260821C00800000,2026-07-20 20:12:36+00:00,800.0,0.15,0.18,0.19,0.0,0.0,1002.0,19793,0.1174404663085937,False,REGULAR,USD,SPY,call,2026-08-21,744.5194091796875,2026-07-21T13:48:04.398522+00:00,0.185,0.01,0.0540540540540541,1.0745186628263206,0.0718728057967953,0.085639129930175,31.25828242451389,0.0,744.5194091796875,True,0.1135610969317834,0.185,True
SPY260821C00805000,2026-07-20 19:54:46+00:00,805.0,0.11,0.13,0.14,0.0,0.0,156.0,10548,0.1206142626953125,False,REGULAR,USD,SPY,call,2026-08-21,744.5194091796875,2026-07-21T13:48:04.398522+00:00,0.135,0.01,0.0740740740740741,1.081234404468985,0.0781033555474313,0.085639129930175,31.25828242451389,0.0,744.5194091796875,True,0.116827584480402,0.185,True
SPY260821C00810000,2026-07-20 19:49:47+00:00,810.0,0.09,0.1,0.11,0.0,0.0,183.0,13553,0.1247646118164062,False,REGULAR,USD,SPY,call,2026-08-21,744.5194091796875,2026-07-21T13:48:04.398522+00:00,0.105,0.0099999999999999,0.0952380952380951,1.0879501461116496,0.0842953257953525,0.085639129930175,31.25828242451389,0.0,744.5194091796875,True,0.1209455800886899,0.135,True
SPY260821C00815000,2026-07-20 19:40:17+00:00,815.0,0.07,0.08,0.09,0.0,0.0,222.0,2484,0.1291590991210937,False,REGULAR,USD,SPY,call,2026-08-21,744.5194091796875,2026-07-21T13:48:04.398522+00:00,0.0849999999999999,0.0099999999999999,0.1176470588235293,1.094665887754314,0.0904491913697306,0.085639129930175,31.25828242451389,0.0,744.5194091796875,True,0.1254766730555547,0.105,True
SPY260821C00820000,2026-07-20 19:49:03+00:00,820.0,0.06,0.06,0.07,0.0,0.0,1124.0,10254,0.132821171875,False,REGULAR,USD,SPY,call,2026-08-21,744.5194091796875,2026-07-21T13:48:04.398522+00:00,0.065,0.01,0.1538461538461539,1.1013816293969785,0.0965654183871667,0.085639129930175,31.25828242451389,0.0,744.5194091796875,True,0.1289351480579199,0.0849999999999999,True
SPY260821C00825000,2026-07-20 18:40:45+00:00,825.0,0.06,0.05,0.06,0.0,0.0,35.0,20082,0.137703935546875,False,REGULAR,USD,SPY,call,2026-08-21,744.5194091796875,2026-07-21T13:48:04.398522+00:00,0.055,0.0099999999999999,0.1818181818181817,1.1080973710396431,0.102644464463549,0.085639129930175,31.25828242451389,0.0,744.5194091796875,True,0.1337386621366012,0.065,True
SPY260821C00830000,2026-07-20 18:26:38+00:00,830.0,0.05,0.04,0.05,0.0,0.0,31.0,13012,0.141610146484375,False,REGULAR,USD,SPY,call,2026-08-21,744.5194091796875,2026-07-21T13:48:04.398522+00:00,0.045,0.01,0.2222222222222222,1.1148131126823075,0.1086867789195115,0.085639129930175,31.25828242451389,0.0,744.5194091796875,True,0.1378565972089339,0.055,True
SPY260821C00835000,2026-07-20 19:11:19+00:00,835.0,0.04,0.04,0.05,0.0,0.0,245.0,2294,0.148446015625,False,REGULAR,USD,SPY,call,2026-08-21,744.5194091796875,2026-07-21T13:48:04.398522+00:00,0.045,0.01,0.2222222222222222,1.121528854324972,0.1146928029797233,0.085639129930175,31.25828242451389,0.0,744.5194091796875,True,0.1448161831526029,0.045,True
SPY260821C00840000,2026-07-20 20:06:56+00:00,840.0,0.03,0.03,0.04,0.0,0.0,361.0,2657,0.1523522265625,False,REGULAR,USD,SPY,call,2026-08-21,744.5194091796875,2026-07-21T13:48:04.398522+00:00,0.035,0.01,0.2857142857142857,1.1282445959676366,0.1206629699662273,0.085639129930175,31.25828242451389,0.0,744.5194091796875,True,0.1478154882778395,0.045,True
SPY260821C00845000,2026-07-20 19:16:02+00:00,845.0,0.03,0.03,0.04,0.0,0.0,2.0,2547,0.1586998193359375,False,REGULAR,USD,SPY,call,2026-08-21,744.5194091796875,2026-07-21T13:48:04.398522+00:00,0.035,0.01,0.2857142857142857,1.134960337610301,0.1265977054860417,0.085639129930175,31.25828242451389,0.0,744.5194091796875,True,0.154481707669178,0.035,True
SPY260821C00850000,2026-07-20 17:57:01+00:00,850.0,0.02,0.02,0.03,0.0,0.0,486.0,10505,0.1601646484375,False,REGULAR,USD,SPY,call,2026-08-21,744.5194091796875,2026-07-21T13:48:04.398522+00:00,0.025,0.0099999999999999,0.3999999999999999,1.1416760792529657,0.1324974276132302,0.085639129930175,31.25828242451389,0.0,744.5194091796875,True,0.155903911461981,0.035,True
SPY260821C00855000,2026-07-17 16:25:28+00:00,855.0,0.03,0.02,0.03,0.0,0.0,120.0,1602,0.167000517578125,False,REGULAR,USD,SPY,call,2026-08-21,744.5194091796875,2026-07-21T13:48:04.398522+00:00,0.025,0.0099999999999999,0.3999999999999999,1.14839182089563,0.1383625470656282,0.085639129930175,31.25828242451389,0.0,744.5194091796875,True,0.1622622542981785,0.025,True
SPY260821C00860000,2026-07-16 20:04:39+00:00,860.0,0.03,0.02,0.03,0.0,0.0,1001.0,9705,0.172859833984375,False,REGULAR,USD,SPY,call,2026-08-21,744.5194091796875,2026-07-21T13:48:04.398522+00:00,0.025,0.0099999999999999,0.3999999999999999,1.1551075625382945,0.1441934673764213,0.085639129930175,31.25828242451389,0.0,744.5194091796875,True,0.1685589808451626,0.025,True
