contractSymbol,lastTradeDate,strike,lastPrice,bid,ask,change,percentChange,volume,openInterest,impliedVolatility,inTheMoney,contractSize,currency,ticker,option_type,expiration,spot,download_timestamp,mid_price,bid_ask_spread,relative_spread,moneyness,log_moneyness
SPY260821C00600000,2026-07-20 17:26:39+00:00,600.0,147.1,148.58,150.38,0.0,0.0,7.0,777,0.5591169577026368,True,REGULAR,USD,SPY,call,2026-08-21,744.5194091796875,2026-07-21T13:48:04.398522+00:00,149.48000000000002,1.799999999999983,0.012041744715011926,0.8058889971197404,-0.21580926665498568
SPY260821C00605000,2026-07-16 18:18:07+00:00,605.0,149.25,143.63,145.49,0.0,0.0,4.0,113,0.5449569430541993,True,REGULAR,USD,SPY,call,2026-08-21,744.5194091796875,2026-07-21T13:48:04.398522+00:00,144.56,1.8600000000000136,0.012866629773104687,0.8126047387624049,-0.20751046384029057
SPY260821C00610000,2026-07-20 16:25:51+00:00,610.0,139.39,138.71,140.41,0.0,0.0,2.0,449,0.5285081329345704,True,REGULAR,USD,SPY,call,2026-08-21,744.5194091796875,2026-07-21T13:48:04.398522+00:00,139.56,1.6999999999999886,0.01218114072800221,0.8193204804050694,-0.19927996470377507
SPY260821C00615000,2026-07-20 17:43:11+00:00,615.0,132.03,132.73,135.57,0.0,0.0,3.0,98,0.5004932763671875,True,REGULAR,USD,SPY,call,2026-08-21,744.5194091796875,2026-07-21T13:48:04.398522+00:00,134.14999999999998,2.8400000000000034,0.021170331718225896,0.8260362220477339,-0.19111665406461423
SPY260821C00620000,2026-07-17 16:06:11+00:00,620.0,128.85,127.92,129.62,0.0,0.0,12.0,102,0.4973194799804688,True,REGULAR,USD,SPY,call,2026-08-21,744.5194091796875,2026-07-21T13:48:04.398522+00:00,128.77,1.7000000000000028,0.013201832725013612,0.8327519636903984,-0.1830194438319948
SPY260821C00625000,2026-07-16 16:39:20+00:00,625.0,130.38,123.09,125.43,0.0,0.0,4.0,136,0.5017139672851563,True,REGULAR,USD,SPY,call,2026-08-21,744.5194091796875,2026-07-21T13:48:04.398522+00:00,124.26,2.3400000000000034,0.01883148237566396,0.8394677053330629,-0.17498727213473053
SPY260821C00630000,2026-07-20 19:52:04+00:00,630.0,115.5,117.61,120.01,0.0,0.0,4.0,499,0.4745535943603516,True,REGULAR,USD,SPY,call,2026-08-21,744.5194091796875,2026-07-21T13:48:04.398522+00:00,118.81,2.4000000000000057,0.020200319838397488,0.8461834469757274,-0.16701910248555363
SPY260821C00635000,2026-07-20 14:23:18+00:00,635.0,113.53,112.88,115.72,0.0,0.0,14.0,102,0.475041870727539,True,REGULAR,USD,SPY,call,2026-08-21,744.5194091796875,2026-07-21T13:48:04.398522+00:00,114.3,2.8400000000000034,0.024846894138232753,0.8528991886183919,-0.15911392297844046
SPY260821C00640000,2026-07-20 14:20:18+00:00,640.0,108.79,108.07,110.96,0.0,0.0,22.0,2598,0.4635978933715821,True,REGULAR,USD,SPY,call,2026-08-21,744.5194091796875,2026-07-21T13:48:04.398522+00:00,109.51499999999999,2.8900000000000006,0.026389079121581525,0.8596149302610564,-0.1512707455174145
SPY260821C00645000,2026-07-20 14:19:45+00:00,645.0,103.91,102.8,105.27,0.0,0.0,2.0,252,0.4310359631347656,True,REGULAR,USD,SPY,call,2026-08-21,744.5194091796875,2026-07-21T13:48:04.398522+00:00,104.035,2.469999999999999,0.02374200990051424,0.8663306719037209,-0.14348860507535954
SPY260821C00650000,2026-07-20 14:53:58+00:00,650.0,97.97,97.93,100.44,0.0,0.0,173.0,848,0.4182187084960937,True,REGULAR,USD,SPY,call,2026-08-21,744.5194091796875,2026-07-21T13:48:04.398522+00:00,99.185,2.509999999999991,0.025306245904118473,0.8730464135463855,-0.1357665589814492
SPY260821C00651000,2026-06-11 17:29:25+00:00,651.0,89.64,105.85,108.65,0.0,0.0,1.0,15,0.5623212713623047,True,REGULAR,USD,SPY,call,2026-08-21,744.5194091796875,2026-07-21T13:48:04.398522+00:00,107.25,2.8000000000000114,0.026107226107226215,0.8743895618749183,-0.1342292796625628
SPY260821C00652000,2026-06-25 19:19:04+00:00,652.0,88.51,95.52,98.35,0.0,0.0,1.0,14,0.4095518029785155,True,REGULAR,USD,SPY,call,2026-08-21,744.5194091796875,2026-07-21T13:48:04.398522+00:00,96.935,2.8299999999999983,0.029194821271986363,0.8757327102034512,-0.1326943599444791
SPY260821C00653000,2026-07-14 19:33:30+00:00,653.0,103.0,94.43,97.9,0.0,0.0,1.0,3,0.4180966394042968,True,REGULAR,USD,SPY,call,2026-08-21,744.5194091796875,2026-07-21T13:48:04.398522+00:00,96.165,3.469999999999999,0.03608381427754379,0.8770758585319841,-0.131161792594701
SPY260821C00655000,2026-07-17 18:27:01+00:00,655.0,93.21,93.06,95.35,0.0,0.0,3.0,346,0.3995116201782227,True,REGULAR,USD,SPY,call,2026-08-21,744.5194091796875,2026-07-21T13:48:04.398522+00:00,94.205,2.289999999999992,0.024308688498487257,0.8797621551890499,-0.12810368623588017
SPY260821C00656000,2026-06-25 19:00:07+00:00,656.0,86.16,91.44,94.97,0.0,0.0,2.0,12,0.4093686993408203,True,REGULAR,USD,SPY,call,2026-08-21,744.5194091796875,2026-07-21T13:48:04.398522+00:00,93.205,3.530000000000001,0.03787350464030901,0.8811053035175829,-0.12657813292704295
SPY260821C00657000,2026-06-25 18:50:04+00:00,657.0,85.26,90.99,94.26,0.0,0.0,22.0,35,0.4119931848144531,True,REGULAR,USD,SPY,call,2026-08-21,744.5194091796875,2026-07-21T13:48:04.398522+00:00,92.625,3.2700000000000102,0.035303643724696465,0.8824484518461158,-0.1250549033865215
SPY260821C00658000,2026-07-10 20:04:45+00:00,658.0,101.17,90.17,93.37,0.0,0.0,2.0,36,0.4107724938964844,True,REGULAR,USD,SPY,call,2026-08-21,744.5194091796875,2026-07-21T13:48:04.398522+00:00,91.77000000000001,3.200000000000003,0.03486978315353604,0.8837916001746486,-0.12353399054581483
SPY260821C00659000,2026-07-17 15:46:37+00:00,659.0,90.41,89.18,91.97,0.0,0.0,1.0,17,0.3991759301757813,True,REGULAR,USD,SPY,call,2026-08-21,744.5194091796875,2026-07-21T13:48:04.398522+00:00,90.575,2.789999999999992,0.030803201766491768,0.8851347485031815,-0.12201538736862483
SPY260821C00660000,2026-07-20 19:14:32+00:00,660.0,86.0,89.55,91.27,0.0,0.0,1.0,555,0.4018614501953125,True,REGULAR,USD,SPY,call,2026-08-21,744.5194091796875,2026-07-21T13:48:04.398522+00:00,90.41,1.7199999999999989,0.01902444419865058,0.8864778968317144,-0.12049908685066084
SPY260821C00661000,2026-07-15 14:49:24+00:00,661.0,96.51,86.65,89.45,0.0,0.0,3.0,5,0.381567463684082,True,REGULAR,USD,SPY,call,2026-08-21,744.5194091796875,2026-07-21T13:48:04.398522+00:00,88.05000000000001,2.799999999999997,0.03180011357183415,0.8878210451602473,-0.1189850820194458
SPY260821C00662000,2026-07-16 18:07:43+00:00,662.0,92.86,85.8,88.6,0.0,0.0,1.0,34,0.3813538427734374,True,REGULAR,USD,SPY,call,2026-08-21,744.5194091796875,2026-07-21T13:48:04.398522+00:00,87.19999999999999,2.799999999999997,0.03211009174311924,0.8891641934887803,-0.11747336593412377
SPY260821C00663000,2026-06-25 14:51:36+00:00,663.0,82.63,85.29,88.1,0.0,0.0,2.0,3,0.388128677368164,True,REGULAR,USD,SPY,call,2026-08-21,744.5194091796875,2026-07-21T13:48:04.398522+00:00,86.695,2.809999999999988,0.03241248053520951,0.8905073418173132,-0.1159639316852695
SPY260821C00664000,2026-06-23 14:35:45+00:00,664.0,83.8,83.72,86.58,0.0,0.0,1.0,3,0.3741822836303711,True,REGULAR,USD,SPY,call,2026-08-21,744.5194091796875,2026-07-21T13:48:04.398522+00:00,85.15,2.8599999999999994,0.03358778625954197,0.891850490145846,-0.11445677239469818
SPY260821C00665000,2026-07-20 15:59:42+00:00,665.0,84.68,83.32,85.82,0.0,0.0,1.0,1676,0.3756776300048828,True,REGULAR,USD,SPY,call,2026-08-21,744.5194091796875,2026-07-21T13:48:04.398522+00:00,84.57,2.5,0.029561310157266173,0.8931936384743789,-0.1129518812152779
SPY260821C00666000,2026-07-08 14:53:20+00:00,666.0,81.51,81.86,84.72,0.0,0.0,1.0,64,0.3702455554199219,True,REGULAR,USD,SPY,call,2026-08-21,744.5194091796875,2026-07-21T13:48:04.398522+00:00,83.28999999999999,2.8599999999999994,0.034337855684956176,0.8945367868029118,-0.11144925133074292
SPY260821C00667000,2026-06-23 14:27:54+00:00,667.0,81.31,80.79,84.13,0.0,0.0,1.0,2,0.37500625,True,REGULAR,USD,SPY,call,2026-08-21,744.5194091796875,2026-07-21T13:48:04.398522+00:00,82.46000000000001,3.339999999999989,0.04050448702401151,0.8958799351314447,-0.10994887595550835
SPY260821C00668000,2026-07-20 19:50:06+00:00,668.0,78.97,79.95,82.69,0.0,0.0,2.0,9,0.3628603753662109,True,REGULAR,USD,SPY,call,2026-08-21,744.5194091796875,2026-07-21T13:48:04.398522+00:00,81.32,2.739999999999995,0.03369404820462365,0.8972230834599776,-0.10845074833448637
SPY260821C00669000,2026-07-13 18:30:07+00:00,669.0,85.34,78.94,81.72,0.0,0.0,1.0,3,0.3600527862548828,True,REGULAR,USD,SPY,call,2026-08-21,744.5194091796875,2026-07-21T13:48:04.398522+00:00,80.33,2.780000000000001,0.03460724511390516,0.8985662317885106,-0.10695486174290354
SPY260821C00670000,2026-07-20 14:58:40+00:00,670.0,78.87,79.02,81.79,0.0,0.0,1.0,1741,0.3772340109252929,True,REGULAR,USD,SPY,call,2026-08-21,744.5194091796875,2026-07-21T13:48:04.398522+00:00,80.405,2.7700000000000102,0.034450593868540644,0.8999093801170435,-0.10546120948612027
SPY260821C00671000,2026-07-13 15:49:32+00:00,671.0,85.26,77.01,79.79,0.0,0.0,1.0,4,0.3546207116699218,True,REGULAR,USD,SPY,call,2026-08-21,744.5194091796875,2026-07-21T13:48:04.398522+00:00,78.4,2.780000000000001,0.0354591836734694,0.9012525284455764,-0.10396978489945023
SPY260821C00672000,2026-07-15 17:24:46+00:00,672.0,84.51,76.05,78.81,0.0,0.0,1.0,4,0.3516300189208984,True,REGULAR,USD,SPY,call,2026-08-21,744.5194091796875,2026-07-21T13:48:04.398522+00:00,77.43,2.760000000000005,0.03564509879891521,0.9025956767741092,-0.1024805813479825
SPY260821C00673000,2026-07-16 18:04:35+00:00,673.0,82.45,75.04,77.79,0.0,0.0,30.0,33,0.3478153598022461,True,REGULAR,USD,SPY,call,2026-08-21,744.5194091796875,2026-07-21T13:48:04.398522+00:00,76.415,2.75,0.035987698750245364,0.9039388251026421,-0.10099359222640426
SPY260821C00674000,2026-07-14 19:39:20+00:00,674.0,82.65,74.03,76.89,0.0,0.0,1.0,40,0.3463200134277343,True,REGULAR,USD,SPY,call,2026-08-21,744.5194091796875,2026-07-21T13:48:04.398522+00:00,75.46000000000001,2.8599999999999994,0.0379008746355685,0.905281973431175,-0.09950881095882505
SPY260821C00675000,2026-07-17 18:35:49+00:00,675.0,73.57,73.66,76.39,0.0,0.0,3.0,4959,0.3523013989257812,True,REGULAR,USD,SPY,call,2026-08-21,744.5194091796875,2026-07-21T13:48:04.398522+00:00,75.025,2.730000000000004,0.03638787070976346,0.906625121759708,-0.09802623099860215
SPY260821C00676000,2026-07-20 17:51:54+00:00,676.0,73.04,72.17,74.98,0.0,0.0,2.0,6,0.3411320770263671,True,REGULAR,USD,SPY,call,2026-08-21,744.5194091796875,2026-07-21T13:48:04.398522+00:00,73.575,2.8100000000000023,0.03819232076112813,0.9079682700882409,-0.09654584582816791
SPY260821C00677000,2026-07-20 19:03:57+00:00,677.0,70.15,71.24,74.03,0.0,0.0,2.0,5,0.3386296606445312,True,REGULAR,USD,SPY,call,2026-08-21,744.5194091796875,2026-07-21T13:48:04.398522+00:00,72.63499999999999,2.7900000000000063,0.038411234253459166,0.9093114184167738,-0.09506764895885703
SPY260821C00678000,2026-07-17 19:37:42+00:00,678.0,70.2,70.27,73.06,0.0,0.0,1.0,23,0.3357305197143554,True,REGULAR,USD,SPY,call,2026-08-21,744.5194091796875,2026-07-21T13:48:04.398522+00:00,71.66499999999999,2.7900000000000063,0.038931137933440406,0.9106545667453066,-0.09359163393073647
SPY260821C00679000,2026-07-07 14:39:11+00:00,679.0,73.33,69.83,72.67,0.0,0.0,1.0,5,0.3433903552246093,True,REGULAR,USD,SPY,call,2026-08-21,744.5194091796875,2026-07-21T13:48:04.398522+00:00,71.25,2.8400000000000034,0.03985964912280707,0.9119977150738395,-0.09211779431243593
SPY260821C00680000,2026-07-20 19:36:14+00:00,680.0,67.57,68.86,71.37,0.0,0.0,6.0,2385,0.3344487942504882,True,REGULAR,USD,SPY,call,2026-08-21,744.5194091796875,2026-07-21T13:48:04.398522+00:00,70.11500000000001,2.510000000000005,0.035798331312843254,0.9133408634023724,-0.09064612370097969
SPY260821C00682000,2026-07-07 16:42:17+00:00,682.0,72.6,66.29,69.29,0.0,0.0,1.0,12,0.3259955096435546,True,REGULAR,USD,SPY,call,2026-08-21,744.5194091796875,2026-07-21T13:48:04.398522+00:00,67.79,3.0,0.04425431479569258,0.9160271600594383,-0.08770926402766989
SPY260821C00683000,2026-07-15 14:22:59+00:00,683.0,78.23,65.88,69.39,0.0,0.0,2.0,6,0.3417119052124023,True,REGULAR,USD,SPY,call,2026-08-21,744.5194091796875,2026-07-21T13:48:04.398522+00:00,67.63499999999999,3.510000000000005,0.05189620758483042,0.9173703083879712,-0.08624406230034194
SPY260821C00684000,2026-07-08 15:40:15+00:00,684.0,63.19,65.07,67.95,0.0,0.0,2.0,18,0.3305425833129882,True,REGULAR,USD,SPY,call,2026-08-21,744.5194091796875,2026-07-21T13:48:04.398522+00:00,66.50999999999999,2.8800000000000097,0.043301759133964966,0.9187134567165041,-0.08478100424858157
SPY260821C00685000,2026-07-20 19:13:06+00:00,685.0,62.46,63.98,67.4,0.0,0.0,11.0,1677,0.3346318978881836,True,REGULAR,USD,SPY,call,2026-08-21,744.5194091796875,2026-07-21T13:48:04.398522+00:00,65.69,3.420000000000009,0.05206271883087241,0.920056605045037,-0.08332008360890675
SPY260821C00686000,2026-07-02 13:59:27+00:00,686.0,71.12,62.66,65.48,0.0,0.0,1.0,3,0.3152839468383788,True,REGULAR,USD,SPY,call,2026-08-21,744.5194091796875,2026-07-21T13:48:04.398522+00:00,64.07,2.8200000000000074,0.044014359294521736,0.9213997533735698,-0.08186129414524684
SPY260821C00687000,2026-07-17 15:00:41+00:00,687.0,64.2,62.22,64.68,0.0,0.0,1.0,11,0.3151923950195311,True,REGULAR,USD,SPY,call,2026-08-21,744.5194091796875,2026-07-21T13:48:04.398522+00:00,63.45,2.460000000000008,0.03877068557919634,0.9227429017021027,-0.08040462964878274
SPY260821C00688000,2026-07-16 13:40:01+00:00,688.0,68.78,61.99,63.68,0.0,0.0,1.0,3,0.3116218740844726,True,REGULAR,USD,SPY,call,2026-08-21,744.5194091796875,2026-07-21T13:48:04.398522+00:00,62.835,1.6899999999999977,0.02689583830667618,0.9240860500306356,-0.07895008393778843
SPY260821C00689000,2026-07-14 19:35:14+00:00,689.0,68.3,60.33,63.6,0.0,0.0,1.0,34,0.323401541442871,True,REGULAR,USD,SPY,call,2026-08-21,744.5194091796875,2026-07-21T13:48:04.398522+00:00,61.965,3.270000000000003,0.0527717259743404,0.9254291983591686,-0.07749765085747343
SPY260821C00690000,2026-07-20 18:56:13+00:00,690.0,58.38,60.2,60.34,0.0,0.0,28.0,5595,0.2811961529541015,True,REGULAR,USD,SPY,call,2026-08-21,744.5194091796875,2026-07-21T13:48:04.398522+00:00,60.27,0.14000000000000057,0.0023228803716608686,0.9267723466877015,-0.07604732427982695
SPY260821C00691000,2026-06-30 13:31:08+00:00,691.0,59.65,59.82,61.94,0.0,0.0,6.0,3,0.3215399877929687,True,REGULAR,USD,SPY,call,2026-08-21,744.5194091796875,2026-07-21T13:48:04.398522+00:00,60.879999999999995,2.1199999999999974,0.03482260183968459,0.9281154950162344,-0.07459909810346213
SPY260821C00692000,2026-07-15 16:39:43+00:00,692.0,63.99,57.4,61.0,0.0,0.0,1.0,12,0.3187934332275389,True,REGULAR,USD,SPY,call,2026-08-21,744.5194091796875,2026-07-21T13:48:04.398522+00:00,59.2,3.6000000000000014,0.060810810810810835,0.9294586433447672,-0.07315296625346249
SPY260821C00693000,2026-07-16 19:39:22+00:00,693.0,61.78,56.09,58.88,0.0,0.0,10.0,107,0.2969735830688476,True,REGULAR,USD,SPY,call,2026-08-21,744.5194091796875,2026-07-21T13:48:04.398522+00:00,57.485,2.789999999999999,0.048534400278333466,0.9308017916733001,-0.07170892268122883
SPY260821C00694000,2026-07-16 19:30:57+00:00,694.0,61.56,55.02,58.32,0.0,0.0,2.0,10,0.3004830694580078,True,REGULAR,USD,SPY,call,2026-08-21,744.5194091796875,2026-07-21T13:48:04.398522+00:00,56.67,3.299999999999997,0.05823186871360503,0.932144940001833,-0.07026696136432758
SPY260821C00695000,2026-07-20 19:07:58+00:00,695.0,53.5,56.16,57.78,0.0,0.0,3.0,3194,0.3041146249389648,True,REGULAR,USD,SPY,call,2026-08-21,744.5194091796875,2026-07-21T13:48:04.398522+00:00,56.97,1.6200000000000045,0.028436018957346054,0.933488088330366,-0.06882707630633986
SPY260821C00696000,2026-07-17 19:54:37+00:00,696.0,54.81,54.39,56.07,0.0,0.0,4.0,153,0.2891306439208984,True,REGULAR,USD,SPY,call,2026-08-21,744.5194091796875,2026-07-21T13:48:04.398522+00:00,55.230000000000004,1.6799999999999997,0.030418250950570335,0.9348312366588989,-0.06738926153671236
SPY260821C00697000,2026-07-16 18:36:54+00:00,697.0,59.87,53.87,55.84,0.0,0.0,1.0,147,0.297583928527832,True,REGULAR,USD,SPY,call,2026-08-21,744.5194091796875,2026-07-21T13:48:04.398522+00:00,54.855000000000004,1.970000000000006,0.03591286117947326,0.9361743849874318,-0.06595351111060814
SPY260821C00698000,2026-07-14 17:53:10+00:00,698.0,60.03,53.07,55.07,0.0,0.0,3.0,18,0.2974008248901366,True,REGULAR,USD,SPY,call,2026-08-21,744.5194091796875,2026-07-21T13:48:04.398522+00:00,54.07,2.0,0.036989088218975404,0.9375175333159647,-0.06451981910875956
SPY260821C00699000,2026-07-13 18:11:01+00:00,699.0,55.84,51.86,53.86,0.0,0.0,1.0,2,0.2903818521118163,True,REGULAR,USD,SPY,call,2026-08-21,744.5194091796875,2026-07-21T13:48:04.398522+00:00,52.86,2.0,0.037835792659856225,0.9388606816444975,-0.0630881796373218
SPY260821C00700000,2026-07-20 20:13:00+00:00,700.0,48.38,50.93,51.07,0.0,0.0,52.0,8392,0.2584913018798829,True,REGULAR,USD,SPY,call,2026-08-21,744.5194091796875,2026-07-21T13:48:04.398522+00:00,51.0,0.14000000000000057,0.0027450980392156976,0.9402038299730304,-0.0616585868277274
SPY260821C00701000,2026-07-17 18:08:08+00:00,701.0,50.2,49.89,51.5,0.0,0.0,4.0,119,0.2773509765624999,True,REGULAR,USD,SPY,call,2026-08-21,744.5194091796875,2026-07-21T13:48:04.398522+00:00,50.695,1.6099999999999994,0.03175855607061839,0.9415469783015633,-0.060231034836542005
SPY260821C00702000,2026-07-20 19:25:52+00:00,702.0,46.8,49.14,51.26,0.0,0.0,4.0,39,0.2850565879821776,True,REGULAR,USD,SPY,call,2026-08-21,744.5194091796875,2026-07-21T13:48:04.398522+00:00,50.2,2.1199999999999974,0.0422310756972111,0.9428901266300963,-0.05880551784532088
SPY260821C00703000,2026-07-07 15:04:46+00:00,703.0,50.55,48.02,49.67,0.0,0.0,1.0,22,0.2724071783447265,True,REGULAR,USD,SPY,call,2026-08-21,744.5194091796875,2026-07-21T13:48:04.398522+00:00,48.845,1.6499999999999986,0.033780325519500436,0.9442332749586292,-0.05738203006046711
SPY260821C00704000,2026-07-15 15:49:31+00:00,704.0,53.35,45.81,49.07,0.0,0.0,1.0,74,0.2745739047241211,True,REGULAR,USD,SPY,call,2026-08-21,744.5194091796875,2026-07-21T13:48:04.398522+00:00,47.44,3.259999999999998,0.06871838111298478,0.9455764232871621,-0.05596056571308963
SPY260821C00705000,2026-07-20 19:29:31+00:00,705.0,44.16,46.35,47.98,0.0,0.0,136.0,2107,0.2693859683227538,True,REGULAR,USD,SPY,call,2026-08-21,744.5194091796875,2026-07-21T13:48:04.398522+00:00,47.165,1.6299999999999955,0.034559525071557205,0.946919571615695,-0.05454111905886339
SPY260821C00706000,2026-07-08 20:00:17+00:00,706.0,46.75,45.35,46.98,0.0,0.0,2.0,51,0.2655407919311523,True,REGULAR,USD,SPY,call,2026-08-21,744.5194091796875,2026-07-21T13:48:04.398522+00:00,46.165,1.6299999999999955,0.035308133867648556,0.9482627199442278,-0.05312368437788999
SPY260821C00707000,2026-07-17 14:45:44+00:00,707.0,46.05,43.71,45.79,0.0,0.0,2.0,21,0.2589185437011719,True,REGULAR,USD,SPY,call,2026-08-21,744.5194091796875,2026-07-21T13:48:04.398522+00:00,44.75,2.0799999999999983,0.04648044692737426,0.9496058682727607,-0.05170825597455933
SPY260821C00708000,2026-07-16 19:53:33+00:00,708.0,48.14,42.35,44.01,0.0,0.0,4.0,205,0.2435683554077148,True,REGULAR,USD,SPY,call,2026-08-21,744.5194091796875,2026-07-21T13:48:04.398522+00:00,43.18,1.6599999999999966,0.038443723946271345,0.9509490166012937,-0.050294828177412224
SPY260821C00709000,2026-07-20 14:18:22+00:00,709.0,42.98,41.78,44.85,0.0,0.0,21.0,538,0.2663342410278321,True,REGULAR,USD,SPY,call,2026-08-21,744.5194091796875,2026-07-21T13:48:04.398522+00:00,43.315,3.0700000000000003,0.07087613990534458,0.9522921649298266,-0.0488833953390045
SPY260821C00710000,2026-07-20 20:13:00+00:00,710.0,39.54,41.83,42.2,0.0,0.0,10.0,3794,0.2387771435546875,True,REGULAR,USD,SPY,call,2026-08-21,744.5194091796875,2026-07-21T13:48:04.398522+00:00,42.015,0.37000000000000455,0.008806378674283102,0.9536353132583595,-0.04747395183577092
SPY260821C00711000,2026-07-17 19:59:38+00:00,711.0,40.88,40.03,42.05,0.0,0.0,1.0,118,0.2471083590698242,True,REGULAR,USD,SPY,call,2026-08-21,744.5194091796875,2026-07-21T13:48:04.398522+00:00,41.04,2.019999999999996,0.04922027290448334,0.9549784615868924,-0.04606649206789116
SPY260821C00712000,2026-07-17 19:33:10+00:00,712.0,39.41,38.64,41.99,0.0,0.0,1.0,82,0.256294058227539,True,REGULAR,USD,SPY,call,2026-08-21,744.5194091796875,2026-07-21T13:48:04.398522+00:00,40.315,3.3500000000000014,0.0830956219769317,0.9563216099154253,-0.04466101045915629
SPY260821C00713000,2026-07-17 18:28:37+00:00,713.0,39.87,37.98,40.74,0.0,0.0,2.0,107,0.2488173263549805,True,REGULAR,USD,SPY,call,2026-08-21,744.5194091796875,2026-07-21T13:48:04.398522+00:00,39.36,2.760000000000005,0.07012195121951233,0.9576647582439581,-0.043257501456836135
SPY260821C00714000,2026-07-17 18:49:37+00:00,714.0,38.49,38.95,40.61,0.0,0.0,6.0,7,0.2566297482299804,True,REGULAR,USD,SPY,call,2026-08-21,744.5194091796875,2026-07-21T13:48:04.398522+00:00,39.78,1.6599999999999966,0.041729512317747526,0.959007906572491,-0.04185595953154771
SPY260821C00715000,2026-07-20 19:15:06+00:00,715.0,35.05,37.45,37.81,0.0,0.0,5.0,1752,0.2279435116577148,True,REGULAR,USD,SPY,call,2026-08-21,744.5194091796875,2026-07-21T13:48:04.398522+00:00,37.63,0.35999999999999943,0.009566834972096715,0.960351054901024,-0.04045637917712434
SPY260821C00716000,2026-07-20 19:51:42+00:00,716.0,34.76,36.64,38.61,0.0,0.0,8.0,101,0.2483748258972168,True,REGULAR,USD,SPY,call,2026-08-21,744.5194091796875,2026-07-21T13:48:04.398522+00:00,37.625,1.9699999999999989,0.05235880398671093,0.9616942032295569,-0.039058754910486396
SPY260821C00717000,2026-07-15 17:50:21+00:00,717.0,43.93,34.53,37.29,0.0,0.0,3.0,17,0.239967317199707,True,REGULAR,USD,SPY,call,2026-08-21,744.5194091796875,2026-07-21T13:48:04.398522+00:00,35.91,2.759999999999998,0.07685881370091892,0.9630373515580898,-0.03766308127151167
SPY260821C00718000,2026-07-17 19:24:30+00:00,718.0,34.1,34.81,36.35,0.0,0.0,20.0,21,0.2366104171752929,True,REGULAR,USD,SPY,call,2026-08-21,744.5194091796875,2026-07-21T13:48:04.398522+00:00,35.58,1.5399999999999991,0.043282743114109026,0.9643804998866227,-0.036269352822907865
SPY260821C00719000,2026-07-17 19:50:59+00:00,719.0,33.91,34.02,34.49,0.0,0.0,2.0,31,0.2210160906982421,True,REGULAR,USD,SPY,call,2026-08-21,744.5194091796875,2026-07-21T13:48:04.398522+00:00,34.255,0.46999999999999886,0.013720624726317292,0.9657236482151556,-0.034877564150085374
SPY260821C00720000,2026-07-21 13:30:17+00:00,720.0,34.21,33.28,33.41,2.7599983,8.775828,188.0,5074,0.215828154296875,True,REGULAR,USD,SPY,call,2026-08-21,744.5194091796875,2026-07-21T13:48:04.398522+00:00,33.345,0.12999999999999545,0.0038986354775827096,0.9670667965436884,-0.033487709861031084
SPY260821C00721000,2026-07-17 19:38:29+00:00,721.0,31.97,31.45,32.91,0.0,0.0,12.0,46,0.2182390188598632,True,REGULAR,USD,SPY,call,2026-08-21,744.5194091796875,2026-07-21T13:48:04.398522+00:00,32.18,1.4599999999999973,0.04536979490366679,0.9684099448722214,-0.03209978458618291
SPY260821C00722000,2026-07-20 19:15:58+00:00,722.0,29.63,31.49,33.07,0.0,0.0,2.0,83,0.2289810989379883,True,REGULAR,USD,SPY,call,2026-08-21,744.5194091796875,2026-07-21T13:48:04.398522+00:00,32.28,1.5800000000000018,0.048946716232961644,0.9697530932007543,-0.03071378297830577
SPY260821C00723000,2026-07-17 14:58:15+00:00,723.0,32.02,29.76,32.92,0.0,0.0,30.0,52,0.2354202435302734,True,REGULAR,USD,SPY,call,2026-08-21,744.5194091796875,2026-07-21T13:48:04.398522+00:00,31.340000000000003,3.16,0.10082961072112316,0.9710962415292872,-0.02932969971236733
SPY260821C00724000,2026-07-17 19:24:14+00:00,724.0,29.19,28.93,30.41,0.0,0.0,28.0,121,0.2119219433593749,True,REGULAR,USD,SPY,call,2026-08-21,744.5194091796875,2026-07-21T13:48:04.398522+00:00,29.67,1.4800000000000004,0.049882035726322896,0.9724393898578201,-0.027947529485415668
SPY260821C00725000,2026-07-20 19:52:04+00:00,725.0,27.28,28.99,30.52,0.0,0.0,53.0,3292,0.2215348843383788,True,REGULAR,USD,SPY,call,2026-08-21,744.5194091796875,2026-07-21T13:48:04.398522+00:00,29.755,1.5300000000000011,0.051419929423626325,0.973782538186353,-0.026567267016457275
SPY260821C00726000,2026-07-20 19:42:34+00:00,726.0,27.17,28.19,28.58,0.0,0.0,125.0,1799,0.2053302124023437,True,REGULAR,USD,SPY,call,2026-08-21,744.5194091796875,2026-07-21T13:48:04.398522+00:00,28.384999999999998,0.389999999999997,0.01373965122423805,0.9751256865148858,-0.02518890704633598
SPY260821C00727000,2026-07-17 16:42:25+00:00,727.0,29.12,27.41,27.74,0.0,0.0,4.0,262,0.2029193478393554,True,REGULAR,USD,SPY,call,2026-08-21,744.5194091796875,2026-07-21T13:48:04.398522+00:00,27.575,0.3299999999999983,0.0119673617407071,0.9764688348434187,-0.02381244433761272
SPY260821C00728000,2026-07-16 19:30:01+00:00,728.0,30.56,25.36,26.96,0.0,0.0,27.0,124,0.2011646046447753,True,REGULAR,USD,SPY,call,2026-08-21,744.5194091796875,2026-07-21T13:48:04.398522+00:00,26.16,1.6000000000000014,0.06116207951070342,0.9778119831719517,-0.02243787367444602
SPY260821C00729000,2026-07-17 19:35:06+00:00,729.0,25.57,24.69,26.21,0.0,0.0,3.0,181,0.1997150341796875,True,REGULAR,USD,SPY,call,2026-08-21,744.5194091796875,2026-07-21T13:48:04.398522+00:00,25.450000000000003,1.5199999999999996,0.05972495088408642,0.9791551315004846,-0.021065189862473858
SPY260821C00730000,2026-07-20 19:59:58+00:00,730.0,23.37,25.11,25.22,0.0,0.0,230.0,20509,0.1952595123291015,True,REGULAR,USD,SPY,call,2026-08-21,744.5194091796875,2026-07-21T13:48:04.398522+00:00,25.165,0.10999999999999943,0.00437115040731172,0.9804982798290175,-0.019694387728695213
SPY260821C00731000,2026-07-20 20:01:20+00:00,731.0,24.68,23.09,24.56,1.7800007,7.7729287,1.0,127,0.1947407186889648,True,REGULAR,USD,SPY,call,2026-08-21,744.5194091796875,2026-07-21T13:48:04.398522+00:00,23.825,1.4699999999999989,0.06169989506820562,0.9818414281575504,-0.01832546212135354
SPY260821C00732000,2026-07-20 16:02:13+00:00,732.0,24.2,23.45,23.78,0.0,0.0,6.0,312,0.1926960614013672,True,REGULAR,USD,SPY,call,2026-08-21,744.5194091796875,2026-07-21T13:48:04.398522+00:00,23.615000000000002,0.33000000000000185,0.013974168960406598,0.9831845764860833,-0.016958407909820502
SPY260821C00733000,2026-07-20 18:08:03+00:00,733.0,22.6,22.74,23.05,0.0,0.0,3.0,186,0.1911549391174316,True,REGULAR,USD,SPY,call,2026-08-21,744.5194091796875,2026-07-21T13:48:04.398522+00:00,22.895,0.3100000000000023,0.013540074252020192,0.9845277248146161,-0.015593219984480584
SPY260821C00734000,2026-07-20 18:05:14+00:00,734.0,21.98,21.93,22.23,0.0,0.0,41.0,965,0.1884694190979003,True,REGULAR,USD,SPY,call,2026-08-21,744.5194091796875,2026-07-21T13:48:04.398522+00:00,22.08,0.3000000000000007,0.013586956521739163,0.985870873143149,-0.014229893256616513
SPY260821C00735000,2026-07-20 19:45:01+00:00,735.0,20.17,21.32,21.45,0.0,0.0,403.0,11158,0.1861653649902343,True,REGULAR,USD,SPY,call,2026-08-21,744.5194091796875,2026-07-21T13:48:04.398522+00:00,21.384999999999998,0.129999999999999,0.006079027355623054,0.987214021471682,-0.012868422658295322
SPY260821C00736000,2026-07-20 19:20:18+00:00,736.0,18.91,20.39,20.7,0.0,0.0,133.0,479,0.1841512249755859,True,REGULAR,USD,SPY,call,2026-08-21,744.5194091796875,2026-07-21T13:48:04.398522+00:00,20.545,0.3099999999999987,0.015088829398880442,0.9885571698002149,-0.011508803142255776
SPY260821C00737000,2026-07-20 16:46:48+00:00,737.0,20.32,19.72,20.06,0.0,0.0,1.0,530,0.1832967413330077,True,REGULAR,USD,SPY,call,2026-08-21,744.5194091796875,2026-07-21T13:48:04.398522+00:00,19.89,0.33999999999999986,0.017094017094017085,0.9899003181287478,-0.010151029681795428
SPY260821C00738000,2026-07-20 20:05:02+00:00,738.0,17.8,18.99,19.34,0.0,0.0,24.0,423,0.1814351876831054,True,REGULAR,USD,SPY,call,2026-08-21,744.5194091796875,2026-07-21T13:48:04.398522+00:00,19.165,0.3500000000000014,0.018262457605009205,0.9912434664572807,-0.008795097270659554
SPY260821C00739000,2026-07-20 19:51:36+00:00,739.0,17.01,18.25,18.61,0.0,0.0,58.0,398,0.1793447544860839,True,REGULAR,USD,SPY,call,2026-08-21,744.5194091796875,2026-07-21T13:48:04.398522+00:00,18.43,0.35999999999999943,0.019533369506239795,0.9925866147858136,-0.007441000922930292
SPY260821C00740000,2026-07-20 20:00:19+00:00,740.0,16.5,18.28,18.34,0.0,0.0,231.0,5642,0.1824422576904296,True,REGULAR,USD,SPY,call,2026-08-21,744.5194091796875,2026-07-21T13:48:04.398522+00:00,18.310000000000002,0.05999999999999872,0.003276897870016314,0.9939297631143464,-0.006088735672916646
SPY260821C00741000,2026-07-20 20:14:39+00:00,741.0,15.41,16.85,17.12,0.0,0.0,91.0,1525,0.174538283996582,True,REGULAR,USD,SPY,call,2026-08-21,744.5194091796875,2026-07-21T13:48:04.398522+00:00,16.985,0.2699999999999996,0.015896379158080634,0.9952729114428794,-0.004738296575045101
SPY260821C00742000,2026-07-21 13:30:04+00:00,742.0,16.76,16.2,16.2,1.9899998,13.473254,2.0,1208,0.1699759516906738,True,REGULAR,USD,SPY,call,2026-08-21,744.5194091796875,2026-07-21T13:48:04.398522+00:00,16.2,0.0,0.0,0.9966160597714123,-0.0033896787037515567
SPY260821C00743000,2026-07-21 13:31:39+00:00,743.0,15.68,15.55,15.79,1.3400002,9.344492,31.0,1065,0.1711203494262695,True,REGULAR,USD,SPY,call,2026-08-21,744.5194091796875,2026-07-21T13:48:04.398522+00:00,15.67,0.23999999999999844,0.015315890236119874,0.9979592080999452,-0.0020428771533728576
SPY260821C00744000,2026-07-21 13:30:55+00:00,744.0,15.17,14.86,15.12,1.5600004,11.462164,2.0,968,0.1691977612304687,True,REGULAR,USD,SPY,call,2026-08-21,744.5194091796875,2026-07-21T13:48:04.398522+00:00,14.989999999999998,0.2599999999999998,0.01734489659773181,0.9993023564284781,-0.0006978870380401737
SPY260821C00745000,2026-07-20 20:14:06+00:00,745.0,12.82,14.22,14.33,0.0,0.0,2748.0,12762,0.1657798266601562,False,REGULAR,USD,SPY,call,2026-08-21,744.5194091796875,2026-07-21T13:48:04.398522+00:00,14.275,0.10999999999999943,0.007705779334500835,1.000645504757011,0.0006452965084275704
SPY260821C00746000,2026-07-21 13:32:17+00:00,746.0,13.66,13.6,13.65,1.29,10.428456,26.0,1372,0.1634910311889648,False,REGULAR,USD,SPY,call,2026-08-21,744.5194091796875,2026-07-21T13:48:04.398522+00:00,13.625,0.05000000000000071,0.003669724770642254,1.001988653085544,0.001986678332628889
SPY260821C00747000,2026-07-20 20:14:03+00:00,747.0,11.67,13.27,13.34,0.0,0.0,1136.0,1984,0.1652915502929687,False,REGULAR,USD,SPY,call,2026-08-21,744.5194091796875,2026-07-21T13:48:04.398522+00:00,13.305,0.07000000000000028,0.005261180007515993,1.0033318014140769,0.0033262632616853274
SPY260821C00748000,2026-07-20 20:13:21+00:00,748.0,11.1,12.38,12.43,0.0,0.0,4778.0,3977,0.1601341311645507,False,REGULAR,USD,SPY,call,2026-08-21,744.5194091796875,2026-07-21T13:48:04.398522+00:00,12.405000000000001,0.049999999999998934,0.004030632809350982,1.0046749497426097,0.004664056103345247
SPY260821C00749000,2026-07-20 20:13:30+00:00,749.0,10.55,11.83,11.89,0.0,0.0,1074.0,2018,0.1590660266113281,False,REGULAR,USD,SPY,call,2026-08-21,744.5194091796875,2026-07-21T13:48:04.398522+00:00,11.86,0.0600000000000005,0.005059021922428373,1.0060180980711426,0.006000061646087466
SPY260821C00750000,2026-07-21 13:32:08+00:00,750.0,11.24,11.15,11.19,1.2399998,12.399998,79.0,16218,0.1560142993164062,False,REGULAR,USD,SPY,call,2026-08-21,744.5194091796875,2026-07-21T13:48:04.398522+00:00,11.17,0.03999999999999915,0.003581020590868321,1.0073612463996755,0.007334284659224095
SPY260821C00751000,2026-07-21 13:30:03+00:00,751.0,11.02,10.62,10.68,1.2200003,12.448982,33.0,2937,0.1549919706726074,False,REGULAR,USD,SPY,call,2026-08-21,744.5194091796875,2026-07-21T13:48:04.398522+00:00,10.649999999999999,0.0600000000000005,0.005633802816901456,1.0087043947282084,0.008666729893002698
SPY260821C00752000,2026-07-21 13:30:02+00:00,752.0,10.49,9.97,10.03,1.6099997,18.130627,1.0,6280,0.1522148988342285,False,REGULAR,USD,SPY,call,2026-08-21,744.5194091796875,2026-07-21T13:48:04.398522+00:00,10.0,0.05999999999999872,0.005999999999999872,1.0100475430567413,0.009997402078707762
SPY260821C00753000,2026-07-20 20:14:45+00:00,753.0,8.39,9.46,9.5,0.0,0.0,675.0,2855,0.150673776550293,False,REGULAR,USD,SPY,call,2026-08-21,744.5194091796875,2026-07-21T13:48:04.398522+00:00,9.48,0.03999999999999915,0.004219409282700331,1.0113906913852742,0.011326305928761498
SPY260821C00754000,2026-07-20 19:57:32+00:00,754.0,7.96,8.92,8.96,0.0,0.0,770.0,3534,0.1488427401733398,False,REGULAR,USD,SPY,call,2026-08-21,744.5194091796875,2026-07-21T13:48:04.398522+00:00,8.940000000000001,0.040000000000000924,0.004474272930648872,1.012733839713807,0.012653446136823976
SPY260821C00755000,2026-07-21 13:31:41+00:00,755.0,8.45,8.44,8.49,1.02,13.672923,6.0,9272,0.1476830838012695,False,REGULAR,USD,SPY,call,2026-08-21,744.5194091796875,2026-07-21T13:48:04.398522+00:00,8.465,0.05000000000000071,0.005906674542232807,1.01407698804234,0.013978827377892591
SPY260821C00756000,2026-07-20 19:56:49+00:00,756.0,7.02,7.91,7.95,0.0,0.0,1796.0,3231,0.145516357421875,False,REGULAR,USD,SPY,call,2026-08-21,744.5194091796875,2026-07-21T13:48:04.398522+00:00,7.93,0.040000000000000036,0.00504413619167718,1.0154201363708728,0.01530245430840087
SPY260821C00757000,2026-07-20 19:57:55+00:00,757.0,6.59,7.44,7.48,0.0,0.0,1063.0,3032,0.1440210110473632,False,REGULAR,USD,SPY,call,2026-08-21,744.5194091796875,2026-07-21T13:48:04.398522+00:00,7.460000000000001,0.040000000000000036,0.005361930294906171,1.0167632846994057,0.01662433156631663
SPY260821C00758000,2026-07-20 19:57:10+00:00,758.0,6.17,6.99,7.03,0.0,0.0,1038.0,2590,0.1426172164916992,False,REGULAR,USD,SPY,call,2026-08-21,744.5194091796875,2026-07-21T13:48:04.398522+00:00,7.01,0.040000000000000036,0.005706134094151218,1.0181064330279388,0.017944463771239712
SPY260821C00759000,2026-07-20 19:53:23+00:00,759.0,5.76,6.51,6.55,0.0,0.0,1032.0,2030,0.14063359375,False,REGULAR,USD,SPY,call,2026-08-21,744.5194091796875,2026-07-21T13:48:04.398522+00:00,6.529999999999999,0.040000000000000036,0.0061255742725880614,1.0194495813564717,0.019262855524497965
SPY260821C00760000,2026-07-21 13:32:14+00:00,760.0,6.11,6.1,6.13,0.77,14.419476,97.0,21526,0.1391992819213867,False,REGULAR,USD,SPY,call,2026-08-21,744.5194091796875,2026-07-21T13:48:04.398522+00:00,6.115,0.03000000000000025,0.004905968928863491,1.0207927296850046,0.020579511409244786
SPY260821C00761000,2026-07-20 20:14:33+00:00,761.0,4.96,5.69,5.72,0.0,0.0,667.0,1847,0.1377344528198242,False,REGULAR,USD,SPY,call,2026-08-21,744.5194091796875,2026-07-21T13:48:04.398522+00:00,5.705,0.02999999999999936,0.005258545135845638,1.0221358780135374,0.021894435990553844
SPY260821C00762000,2026-07-21 13:30:14+00:00,762.0,5.67,5.31,5.34,1.1100001,24.34211,11.0,2918,0.1364374687194824,False,REGULAR,USD,SPY,call,2026-08-21,744.5194091796875,2026-07-21T13:48:04.398522+00:00,5.324999999999999,0.03000000000000025,0.005633802816901456,1.0234790263420703,0.023207633815514262
SPY260821C00763000,2026-07-21 13:30:04+00:00,763.0,5.2,4.9,4.92,0.85999966,19.81566,11.0,2192,0.1344080700683594,False,REGULAR,USD,SPY,call,2026-08-21,744.5194091796875,2026-07-21T13:48:04.398522+00:00,4.91,0.019999999999999574,0.0040733197556007275,1.0248221746706032,0.02451910941332498
SPY260821C00764000,2026-07-20 19:32:48+00:00,764.0,4.17,4.56,4.58,0.0,0.0,601.0,1659,0.133248413696289,False,REGULAR,USD,SPY,call,2026-08-21,744.5194091796875,2026-07-21T13:48:04.398522+00:00,4.57,0.020000000000000462,0.00437636761487975,1.026165322999136,0.025828867295388448
SPY260821C00765000,2026-07-21 13:30:12+00:00,765.0,4.5,4.25,4.29,0.8399999,22.950817,36.0,12766,0.1326075509643555,False,REGULAR,USD,SPY,call,2026-08-21,744.5194091796875,2026-07-21T13:48:04.398522+00:00,4.27,0.040000000000000036,0.009367681498829048,1.027508471327669,0.027136911955403777
SPY260821C00766000,2026-07-20 19:45:37+00:00,766.0,3.56,3.91,3.94,0.0,0.0,726.0,2840,0.1308985836791992,False,REGULAR,USD,SPY,call,2026-08-21,744.5194091796875,2026-07-21T13:48:04.398522+00:00,3.925,0.029999999999999805,0.007643312101910779,1.0288516196562019,0.028443247869459225
SPY260821C00767000,2026-07-20 20:14:30+00:00,767.0,3.09,3.61,3.64,0.0,0.0,1166.0,2694,0.1296778927612304,False,REGULAR,USD,SPY,call,2026-08-21,744.5194091796875,2026-07-21T13:48:04.398522+00:00,3.625,0.03000000000000025,0.008275862068965585,1.0301947679847347,0.029747879496124095
SPY260821C00768000,2026-07-20 19:54:55+00:00,768.0,2.86,3.33,3.36,0.0,0.0,347.0,2412,0.1285792709350585,False,REGULAR,USD,SPY,call,2026-08-21,744.5194091796875,2026-07-21T13:48:04.398522+00:00,3.3449999999999998,0.029999999999999805,0.008968609865470795,1.0315379163132676,0.03105081127654006
SPY260821C00769000,2026-07-20 19:59:01+00:00,769.0,2.61,3.06,3.08,0.0,0.0,442.0,2461,0.1272365109252929,False,REGULAR,USD,SPY,call,2026-08-21,744.5194091796875,2026-07-21T13:48:04.398522+00:00,3.0700000000000003,0.020000000000000018,0.0065146579804560316,1.0328810646418005,0.03235204763451185
SPY260821C00770000,2026-07-21 13:30:04+00:00,770.0,2.97,2.8,2.83,0.5799999,24.267778,14.0,23239,0.1261684063720703,False,REGULAR,USD,SPY,call,2026-08-21,744.5194091796875,2026-07-21T13:48:04.398522+00:00,2.815,0.03000000000000025,0.010657193605683925,1.0342242129703334,0.033651592976597394
SPY260821C00771000,2026-07-20 20:14:07+00:00,771.0,2.17,2.56,2.59,0.0,0.0,874.0,4566,0.12500875,False,REGULAR,USD,SPY,call,2026-08-21,744.5194091796875,2026-07-21T13:48:04.398522+00:00,2.575,0.029999999999999805,0.011650485436893128,1.0355673612988665,0.03494945169219755
SPY260821C00772000,2026-07-21 13:30:03+00:00,772.0,2.51,2.35,2.39,0.53,26.767675,1.0,2730,0.1243373699951172,False,REGULAR,USD,SPY,call,2026-08-21,744.5194091796875,2026-07-21T13:48:04.398522+00:00,2.37,0.040000000000000036,0.016877637130801704,1.0369105096273994,0.03624562815364421
SPY260821C00773000,2026-07-21 13:30:00+00:00,773.0,2.32,2.17,2.2,0.49999988,27.47252,1.0,4214,0.1236659899902343,False,REGULAR,USD,SPY,call,2026-08-21,744.5194091796875,2026-07-21T13:48:04.398522+00:00,2.185,0.03000000000000025,0.01372997711670492,1.0382536579559323,0.037540126716289986
SPY260821C00774000,2026-07-20 20:00:26+00:00,774.0,1.72,1.97,2.0,0.0,0.0,826.0,1991,0.1225673681640625,False,REGULAR,USD,SPY,call,2026-08-21,744.5194091796875,2026-07-21T13:48:04.398522+00:00,1.9849999999999999,0.030000000000000027,0.0151133501259446,1.0395968062844652,0.038832951718595125
SPY260821C00775000,2026-07-21 13:30:04+00:00,775.0,1.91,1.8,1.82,0.40999997,27.33333,13.0,30384,0.1215908154296875,False,REGULAR,USD,SPY,call,2026-08-21,744.5194091796875,2026-07-21T13:48:04.398522+00:00,1.81,0.020000000000000018,0.011049723756906087,1.040939954612998,0.04012410748221499
SPY260821C00776000,2026-07-21 13:30:05+00:00,776.0,1.76,1.64,1.66,0.41999996,31.34328,3.0,3400,0.1208584008789062,False,REGULAR,USD,SPY,call,2026-08-21,744.5194091796875,2026-07-21T13:48:04.398522+00:00,1.65,0.020000000000000018,0.012121212121212133,1.042283102941531,0.04141359831208673
SPY260821C00777000,2026-07-20 19:52:43+00:00,777.0,1.25,1.48,1.51,0.0,0.0,835.0,4337,0.1200649517822265,False,REGULAR,USD,SPY,call,2026-08-21,744.5194091796875,2026-07-21T13:48:04.398522+00:00,1.495,0.030000000000000027,0.02006688963210704,1.0436262512700638,0.0427014284965154
SPY260821C00778000,2026-07-21 13:30:01+00:00,778.0,1.45,1.35,1.37,0.30000007,26.086964,2.0,2996,0.1192715026855468,False,REGULAR,USD,SPY,call,2026-08-21,744.5194091796875,2026-07-21T13:48:04.398522+00:00,1.36,0.020000000000000018,0.014705882352941188,1.0449693995985967,0.043987602307259545
SPY260821C00779000,2026-07-20 19:13:17+00:00,779.0,1.05,1.31,1.33,0.0,0.0,389.0,1886,0.1207973663330078,False,REGULAR,USD,SPY,call,2026-08-21,744.5194091796875,2026-07-21T13:48:04.398522+00:00,1.32,0.020000000000000018,0.015151515151515164,1.0463125479271296,0.04527212399961619
SPY260821C00780000,2026-07-21 13:30:54+00:00,780.0,1.16,1.1,1.12,0.23999995,26.08695,7.0,24807,0.1178066735839843,False,REGULAR,USD,SPY,call,2026-08-21,744.5194091796875,2026-07-21T13:48:04.398522+00:00,1.11,0.020000000000000018,0.018018018018018032,1.0476556962556625,0.046554997812505335
SPY260821C00781000,2026-07-21 13:31:30+00:00,781.0,1.01,1.0,1.02,0.15999997,18.604647,207.0,1446,0.1173794317626953,False,REGULAR,USD,SPY,call,2026-08-21,744.5194091796875,2026-07-21T13:48:04.398522+00:00,1.01,0.020000000000000018,0.01980198019801982,1.0489988445841953,0.04783622796855386
SPY260821C00782000,2026-07-21 13:30:48+00:00,782.0,0.96,0.91,0.93,0.16999996,21.518982,8.0,1322,0.1170132244873046,False,REGULAR,USD,SPY,call,2026-08-21,744.5194091796875,2026-07-21T13:48:04.398522+00:00,0.92,0.020000000000000018,0.021739130434782625,1.0503419929127282,0.04911581867417896
SPY260821C00783000,2026-07-20 19:58:01+00:00,783.0,0.83,0.82,0.83,0.15999997,31.372538,57.0,1712,0.1161587408447265,False,REGULAR,USD,SPY,call,2026-08-21,744.5194091796875,2026-07-21T13:48:04.398522+00:00,0.825,0.010000000000000009,0.012121212121212133,1.0516851412412611,0.05039377411967096
SPY260821C00784000,2026-07-21 13:31:30+00:00,784.0,0.75,0.75,0.76,0.100000024,15.384619,107.0,943,0.1160366717529296,False,REGULAR,USD,SPY,call,2026-08-21,744.5194091796875,2026-07-21T13:48:04.398522+00:00,0.755,0.010000000000000009,0.013245033112582794,1.0530282895697942,0.05167009847927591
SPY260821C00785000,2026-07-21 13:31:01+00:00,785.0,0.7,0.68,0.7,0.15999997,29.629622,61.0,5315,0.1160977062988281,False,REGULAR,USD,SPY,call,2026-08-21,744.5194091796875,2026-07-21T13:48:04.398522+00:00,0.69,0.019999999999999907,0.02898550724637668,1.054371437898327,0.052944795911276474
SPY260821C00786000,2026-07-20 19:59:27+00:00,786.0,0.48,0.63,0.64,0.0,0.0,509.0,1564,0.1159756372070312,False,REGULAR,USD,SPY,call,2026-08-21,744.5194091796875,2026-07-21T13:48:04.398522+00:00,0.635,0.010000000000000009,0.015748031496063006,1.05571458622686,0.054217870558074574
SPY260821C00787000,2026-07-20 19:05:09+00:00,787.0,0.48,0.58,0.59,0.0,0.0,54.0,1452,0.1160977062988281,False,REGULAR,USD,SPY,call,2026-08-21,744.5194091796875,2026-07-21T13:48:04.398522+00:00,0.585,0.010000000000000009,0.01709401709401711,1.0570577345553929,0.055489326546271235
SPY260821C00788000,2026-07-20 19:15:11+00:00,788.0,0.41,0.49,0.5,0.0,0.0,70.0,1176,0.114266669921875,False,REGULAR,USD,SPY,call,2026-08-21,744.5194091796875,2026-07-21T13:48:04.398522+00:00,0.495,0.010000000000000009,0.02020202020202022,1.0584008828839258,0.05675916798674712
SPY260821C00789000,2026-07-20 19:54:04+00:00,789.0,0.36,0.49,0.5,0.0,0.0,33.0,928,0.1163418444824218,False,REGULAR,USD,SPY,call,2026-08-21,744.5194091796875,2026-07-21T13:48:04.398522+00:00,0.495,0.010000000000000009,0.02020202020202022,1.0597440312124586,0.05802739897474222
SPY260821C00790000,2026-07-20 19:56:49+00:00,790.0,0.33,0.4,0.42,0.0,0.0,3409.0,17649,0.1145108081054687,False,REGULAR,USD,SPY,call,2026-08-21,744.5194091796875,2026-07-21T13:48:04.398522+00:00,0.41000000000000003,0.019999999999999962,0.04878048780487795,1.0610871795409915,0.059294023589935144
SPY260821C00791000,2026-07-20 19:11:19+00:00,791.0,0.31,0.39,0.4,0.0,0.0,74.0,1293,0.1153652917480468,False,REGULAR,USD,SPY,call,2026-08-21,744.5194091796875,2026-07-21T13:48:04.398522+00:00,0.395,0.010000000000000009,0.025316455696202552,1.0624303278695244,0.06055904589652182
SPY260821C00792000,2026-07-20 20:10:46+00:00,792.0,0.28,0.36,0.37,0.0,0.0,2609.0,1435,0.1157314990234375,False,REGULAR,USD,SPY,call,2026-08-21,744.5194091796875,2026-07-21T13:48:04.398522+00:00,0.365,0.010000000000000009,0.02739726027397263,1.0637734761980573,0.06182246994329379
SPY260821C00793000,2026-07-20 19:46:06+00:00,793.0,0.26,0.33,0.34,0.0,0.0,300.0,1031,0.1158535681152343,False,REGULAR,USD,SPY,call,2026-08-21,744.5194091796875,2026-07-21T13:48:04.398522+00:00,0.335,0.010000000000000009,0.02985074626865674,1.0651166245265902,0.06308429976371589
SPY260821C00794000,2026-07-20 19:47:20+00:00,794.0,0.24,0.3,0.31,0.0,0.0,165.0,960,0.1158535681152343,False,REGULAR,USD,SPY,call,2026-08-21,744.5194091796875,2026-07-21T13:48:04.398522+00:00,0.305,0.010000000000000009,0.03278688524590167,1.066459772855123,0.06434453937600362
SPY260821C00795000,2026-07-20 19:57:51+00:00,795.0,0.2,0.27,0.29,0.0,0.0,188.0,3233,0.1164639135742187,False,REGULAR,USD,SPY,call,2026-08-21,744.5194091796875,2026-07-21T13:48:04.398522+00:00,0.28,0.019999999999999962,0.07142857142857129,1.067802921183656,0.06560319278319979
SPY260821C00796000,2026-07-21 13:31:30+00:00,796.0,0.24,0.23,0.24,0.00999999,4.3478217,61.0,1159,0.1146328771972656,False,REGULAR,USD,SPY,call,2026-08-21,744.5194091796875,2026-07-21T13:48:04.398522+00:00,0.235,0.009999999999999981,0.042553191489361625,1.0691460695121888,0.06686026397325089
SPY260821C00797000,2026-07-20 17:57:25+00:00,797.0,0.21,0.23,0.24,0.0,0.0,26.0,1190,0.1164639135742187,False,REGULAR,USD,SPY,call,2026-08-21,744.5194091796875,2026-07-21T13:48:04.398522+00:00,0.235,0.009999999999999981,0.042553191489361625,1.070489217840722,0.0681157569190831
SPY260821C00798000,2026-07-20 15:23:20+00:00,798.0,0.21,0.21,0.22,0.0,0.0,362.0,1351,0.1165859826660156,False,REGULAR,USD,SPY,call,2026-08-21,744.5194091796875,2026-07-21T13:48:04.398522+00:00,0.215,0.010000000000000009,0.046511627906976785,1.0718323661692548,0.0693696755786768
SPY260821C00799000,2026-07-21 13:31:30+00:00,799.0,0.19,0.18,0.19,0.030000001,18.75,149.0,998,0.1157314990234375,False,REGULAR,USD,SPY,call,2026-08-21,744.5194091796875,2026-07-21T13:48:04.398522+00:00,0.185,0.010000000000000009,0.054054054054054106,1.0731755144977877,0.07062202389514269
SPY260821C00800000,2026-07-20 20:12:36+00:00,800.0,0.15,0.18,0.19,0.0,0.0,1002.0,19793,0.1174404663085937,False,REGULAR,USD,SPY,call,2026-08-21,744.5194091796875,2026-07-21T13:48:04.398522+00:00,0.185,0.010000000000000009,0.054054054054054106,1.0745186628263206,0.07187280579679531
SPY260821C00805000,2026-07-20 19:54:46+00:00,805.0,0.11,0.13,0.14,0.0,0.0,156.0,10548,0.1206142626953125,False,REGULAR,USD,SPY,call,2026-08-21,744.5194091796875,2026-07-21T13:48:04.398522+00:00,0.135,0.010000000000000009,0.07407407407407414,1.081234404468985,0.07810335554743131
SPY260821C00810000,2026-07-20 19:49:47+00:00,810.0,0.09,0.1,0.11,0.0,0.0,183.0,13553,0.1247646118164062,False,REGULAR,USD,SPY,call,2026-08-21,744.5194091796875,2026-07-21T13:48:04.398522+00:00,0.10500000000000001,0.009999999999999995,0.09523809523809518,1.0879501461116496,0.08429532579535251
SPY260821C00815000,2026-07-20 19:40:17+00:00,815.0,0.07,0.08,0.09,0.0,0.0,222.0,2484,0.1291590991210937,False,REGULAR,USD,SPY,call,2026-08-21,744.5194091796875,2026-07-21T13:48:04.398522+00:00,0.08499999999999999,0.009999999999999995,0.11764705882352937,1.094665887754314,0.09044919136973069
SPY260821C00820000,2026-07-20 19:49:03+00:00,820.0,0.06,0.06,0.07,0.0,0.0,1124.0,10254,0.132821171875,False,REGULAR,USD,SPY,call,2026-08-21,744.5194091796875,2026-07-21T13:48:04.398522+00:00,0.065,0.010000000000000009,0.15384615384615397,1.1013816293969785,0.0965654183871667
SPY260821C00825000,2026-07-20 18:40:45+00:00,825.0,0.06,0.05,0.06,0.0,0.0,35.0,20082,0.137703935546875,False,REGULAR,USD,SPY,call,2026-08-21,744.5194091796875,2026-07-21T13:48:04.398522+00:00,0.055,0.009999999999999995,0.18181818181818174,1.1080973710396431,0.10264446446354901
SPY260821C00830000,2026-07-20 18:26:38+00:00,830.0,0.05,0.04,0.05,0.0,0.0,31.0,13012,0.141610146484375,False,REGULAR,USD,SPY,call,2026-08-21,744.5194091796875,2026-07-21T13:48:04.398522+00:00,0.045,0.010000000000000002,0.22222222222222227,1.1148131126823075,0.10868677891951156
SPY260821C00835000,2026-07-20 19:11:19+00:00,835.0,0.04,0.04,0.05,0.0,0.0,245.0,2294,0.148446015625,False,REGULAR,USD,SPY,call,2026-08-21,744.5194091796875,2026-07-21T13:48:04.398522+00:00,0.045,0.010000000000000002,0.22222222222222227,1.121528854324972,0.11469280297972335
SPY260821C00840000,2026-07-20 20:06:56+00:00,840.0,0.03,0.03,0.04,0.0,0.0,361.0,2657,0.1523522265625,False,REGULAR,USD,SPY,call,2026-08-21,744.5194091796875,2026-07-21T13:48:04.398522+00:00,0.035,0.010000000000000002,0.28571428571428575,1.1282445959676366,0.1206629699662273
SPY260821C00845000,2026-07-20 19:16:02+00:00,845.0,0.03,0.03,0.04,0.0,0.0,2.0,2547,0.1586998193359375,False,REGULAR,USD,SPY,call,2026-08-21,744.5194091796875,2026-07-21T13:48:04.398522+00:00,0.035,0.010000000000000002,0.28571428571428575,1.134960337610301,0.12659770548604177
SPY260821C00850000,2026-07-20 17:57:01+00:00,850.0,0.02,0.02,0.03,0.0,0.0,486.0,10505,0.1601646484375,False,REGULAR,USD,SPY,call,2026-08-21,744.5194091796875,2026-07-21T13:48:04.398522+00:00,0.025,0.009999999999999998,0.3999999999999999,1.1416760792529657,0.1324974276132302
SPY260821C00855000,2026-07-17 16:25:28+00:00,855.0,0.03,0.02,0.03,0.0,0.0,120.0,1602,0.167000517578125,False,REGULAR,USD,SPY,call,2026-08-21,744.5194091796875,2026-07-21T13:48:04.398522+00:00,0.025,0.009999999999999998,0.3999999999999999,1.14839182089563,0.1383625470656282
SPY260821C00860000,2026-07-16 20:04:39+00:00,860.0,0.03,0.02,0.03,0.0,0.0,1001.0,9705,0.172859833984375,False,REGULAR,USD,SPY,call,2026-08-21,744.5194091796875,2026-07-21T13:48:04.398522+00:00,0.025,0.009999999999999998,0.3999999999999999,1.1551075625382945,0.14419346737642133
SPY260821P00600000,2026-07-21 13:30:01+00:00,600.0,0.51,0.5,0.51,-0.110000014,-17.741938,5.0,119365,0.3542545043945311,False,REGULAR,USD,SPY,put,2026-08-21,744.5194091796875,2026-07-21T13:48:04.398522+00:00,0.505,0.010000000000000009,0.01980198019801982,0.8058889971197404,-0.21580926665498568
SPY260821P00605000,2026-07-20 18:37:45+00:00,605.0,0.61,0.54,0.55,0.0,0.0,43.0,11967,0.3464420825195312,False,REGULAR,USD,SPY,put,2026-08-21,744.5194091796875,2026-07-21T13:48:04.398522+00:00,0.545,0.010000000000000009,0.018348623853211024,0.8126047387624049,-0.20751046384029057
SPY260821P00610000,2026-07-20 19:23:05+00:00,610.0,0.72,0.57,0.58,0.0,0.0,554.0,3492,0.3374089697265625,False,REGULAR,USD,SPY,put,2026-08-21,744.5194091796875,2026-07-21T13:48:04.398522+00:00,0.575,0.010000000000000009,0.017391304347826105,0.8193204804050694,-0.19927996470377507
SPY260821P00615000,2026-07-20 18:42:55+00:00,615.0,0.72,0.62,0.63,0.0,0.0,113.0,49661,0.3298406860351562,False,REGULAR,USD,SPY,put,2026-08-21,744.5194091796875,2026-07-21T13:48:04.398522+00:00,0.625,0.010000000000000009,0.016000000000000014,0.8260362220477339,-0.19111665406461423
SPY260821P00620000,2026-07-20 19:41:33+00:00,620.0,0.78,0.67,0.68,0.0,0.0,107.0,13306,0.3220282641601562,False,REGULAR,USD,SPY,put,2026-08-21,744.5194091796875,2026-07-21T13:48:04.398522+00:00,0.675,0.010000000000000009,0.014814814814814828,0.8327519636903984,-0.1830194438319948
SPY260821P00625000,2026-07-20 19:55:07+00:00,625.0,0.88,0.71,0.72,0.0,0.0,82.0,7299,0.3129951513671875,False,REGULAR,USD,SPY,put,2026-08-21,744.5194091796875,2026-07-21T13:48:04.398522+00:00,0.715,0.010000000000000009,0.013986013986014,0.8394677053330629,-0.17498727213473053
SPY260821P00630000,2026-07-20 20:07:00+00:00,630.0,0.94,0.75,0.76,0.0,0.0,930.0,108999,0.3037179003906249,False,REGULAR,USD,SPY,put,2026-08-21,744.5194091796875,2026-07-21T13:48:04.398522+00:00,0.755,0.010000000000000009,0.013245033112582794,0.8461834469757274,-0.16701910248555363
SPY260821P00635000,2026-07-21 13:31:37+00:00,635.0,0.81,0.82,0.83,-0.21999997,-21.35922,2.0,13930,0.2961496166992187,False,REGULAR,USD,SPY,put,2026-08-21,744.5194091796875,2026-07-21T13:48:04.398522+00:00,0.825,0.010000000000000009,0.012121212121212133,0.8528991886183919,-0.15911392297844046
SPY260821P00640000,2026-07-20 19:46:47+00:00,640.0,1.06,0.87,0.89,0.0,0.0,924.0,8472,0.2876047802734374,False,REGULAR,USD,SPY,put,2026-08-21,744.5194091796875,2026-07-21T13:48:04.398522+00:00,0.88,0.020000000000000018,0.02272727272727275,0.8596149302610564,-0.1512707455174145
SPY260821P00645000,2026-07-20 19:52:36+00:00,645.0,1.18,0.95,0.96,0.0,0.0,152.0,5269,0.2791820129394531,False,REGULAR,USD,SPY,put,2026-08-21,744.5194091796875,2026-07-21T13:48:04.398522+00:00,0.955,0.010000000000000009,0.010471204188481685,0.8663306719037209,-0.14348860507535954
SPY260821P00650000,2026-07-21 13:30:04+00:00,650.0,1.04,1.04,1.05,-0.25,-19.379845,1.0,23797,0.2714306256103516,False,REGULAR,USD,SPY,put,2026-08-21,744.5194091796875,2026-07-21T13:48:04.398522+00:00,1.045,0.010000000000000009,0.00956937799043063,0.8730464135463855,-0.1357665589814492
SPY260821P00651000,2026-07-20 14:47:56+00:00,651.0,1.24,1.05,1.06,0.0,0.0,10.0,405,0.2694164855957031,False,REGULAR,USD,SPY,put,2026-08-21,744.5194091796875,2026-07-21T13:48:04.398522+00:00,1.0550000000000002,0.010000000000000009,0.009478672985781998,0.8743895618749183,-0.1342292796625628
SPY260821P00652000,2026-07-20 16:18:29+00:00,652.0,1.11,1.06,1.07,0.0,0.0,12.0,3426,0.2674023455810547,False,REGULAR,USD,SPY,put,2026-08-21,744.5194091796875,2026-07-21T13:48:04.398522+00:00,1.065,0.010000000000000009,0.009389671361502356,0.8757327102034512,-0.1326943599444791
SPY260821P00653000,2026-07-20 19:57:33+00:00,653.0,1.35,1.09,1.11,0.0,0.0,108.0,539,0.2668530346679688,False,REGULAR,USD,SPY,put,2026-08-21,744.5194091796875,2026-07-21T13:48:04.398522+00:00,1.1,0.020000000000000018,0.018181818181818195,0.8770758585319841,-0.131161792594701
SPY260821P00654000,2026-07-20 19:15:02+00:00,654.0,1.42,1.1,1.12,0.0,0.0,692.0,450,0.2647778601074219,False,REGULAR,USD,SPY,put,2026-08-21,744.5194091796875,2026-07-21T13:48:04.398522+00:00,1.11,0.020000000000000018,0.018018018018018032,0.878419006860517,-0.1296315704139334
SPY260821P00655000,2026-07-20 19:55:20+00:00,655.0,1.43,1.12,1.14,0.0,0.0,4173.0,10231,0.2631909619140625,False,REGULAR,USD,SPY,put,2026-08-21,744.5194091796875,2026-07-21T13:48:04.398522+00:00,1.13,0.019999999999999796,0.017699115044247607,0.8797621551890499,-0.12810368623588017
SPY260821P00656000,2026-07-20 15:51:02+00:00,656.0,1.28,1.14,1.16,0.0,0.0,194.0,719,0.2615430291748046,False,REGULAR,USD,SPY,put,2026-08-21,744.5194091796875,2026-07-21T13:48:04.398522+00:00,1.15,0.020000000000000018,0.017391304347826105,0.8811053035175829,-0.12657813292704295
SPY260821P00657000,2026-07-20 20:05:37+00:00,657.0,1.47,1.17,1.19,0.0,0.0,118.0,3790,0.2603833728027344,False,REGULAR,USD,SPY,put,2026-08-21,744.5194091796875,2026-07-21T13:48:04.398522+00:00,1.18,0.020000000000000018,0.0169491525423729,0.8824484518461158,-0.1250549033865215
SPY260821P00658000,2026-07-20 19:29:34+00:00,658.0,1.49,1.19,1.21,0.0,0.0,2.0,531,0.2586744055175781,False,REGULAR,USD,SPY,put,2026-08-21,744.5194091796875,2026-07-21T13:48:04.398522+00:00,1.2,0.020000000000000018,0.016666666666666684,0.8837916001746486,-0.12353399054581483
SPY260821P00659000,2026-07-20 18:16:41+00:00,659.0,1.31,1.21,1.22,0.0,0.0,105.0,773,0.2565992309570312,False,REGULAR,USD,SPY,put,2026-08-21,744.5194091796875,2026-07-21T13:48:04.398522+00:00,1.2149999999999999,0.010000000000000009,0.008230452674897127,0.8851347485031815,-0.12201538736862483
SPY260821P00660000,2026-07-21 13:30:55+00:00,660.0,1.23,1.24,1.25,-0.35000002,-22.151901,2.0,8284,0.2553175054931641,False,REGULAR,USD,SPY,put,2026-08-21,744.5194091796875,2026-07-21T13:48:04.398522+00:00,1.245,0.010000000000000009,0.008032128514056231,0.8864778968317144,-0.12049908685066084
SPY260821P00661000,2026-07-20 17:32:03+00:00,661.0,1.45,1.26,1.27,0.0,0.0,18.0,572,0.2535475036621094,False,REGULAR,USD,SPY,put,2026-08-21,744.5194091796875,2026-07-21T13:48:04.398522+00:00,1.2650000000000001,0.010000000000000009,0.007905138339920955,0.8878210451602473,-0.1189850820194458
SPY260821P00662000,2026-07-21 13:30:55+00:00,662.0,1.26,1.28,1.29,-0.26,-17.105263,2.0,697,0.2518385363769531,False,REGULAR,USD,SPY,put,2026-08-21,744.5194091796875,2026-07-21T13:48:04.398522+00:00,1.2850000000000001,0.010000000000000009,0.007782101167315181,0.8891641934887803,-0.11747336593412377
SPY260821P00663000,2026-07-20 18:15:20+00:00,663.0,1.42,1.28,1.3,0.0,0.0,36.0,471,0.2496412927246093,False,REGULAR,USD,SPY,put,2026-08-21,744.5194091796875,2026-07-21T13:48:04.398522+00:00,1.29,0.020000000000000018,0.015503875968992262,0.8905073418173132,-0.1159639316852695
SPY260821P00664000,2026-07-20 15:51:13+00:00,664.0,1.47,1.33,1.34,0.0,0.0,31.0,597,0.2486647399902344,False,REGULAR,USD,SPY,put,2026-08-21,744.5194091796875,2026-07-21T13:48:04.398522+00:00,1.335,0.010000000000000009,0.007490636704119857,0.891850490145846,-0.11445677239469818
SPY260821P00665000,2026-07-20 20:03:04+00:00,665.0,1.7,1.36,1.37,0.0,0.0,296.0,5683,0.2473219799804687,False,REGULAR,USD,SPY,put,2026-08-21,744.5194091796875,2026-07-21T13:48:04.398522+00:00,1.3650000000000002,0.010000000000000009,0.007326007326007331,0.8931936384743789,-0.1129518812152779
SPY260821P00666000,2026-07-20 19:46:51+00:00,666.0,1.68,1.36,1.38,0.0,0.0,13.0,684,0.2450637017822265,False,REGULAR,USD,SPY,put,2026-08-21,744.5194091796875,2026-07-21T13:48:04.398522+00:00,1.37,0.019999999999999796,0.014598540145985252,0.8945367868029118,-0.11144925133074292
SPY260821P00667000,2026-07-20 20:05:37+00:00,667.0,1.76,1.41,1.42,0.0,0.0,45.0,557,0.2440261145019531,False,REGULAR,USD,SPY,put,2026-08-21,744.5194091796875,2026-07-21T13:48:04.398522+00:00,1.415,0.010000000000000009,0.007067137809187285,0.8958799351314447,-0.10994887595550835
SPY260821P00668000,2026-07-20 17:34:16+00:00,668.0,1.63,1.44,1.46,0.0,0.0,15.0,595,0.2428664581298827,False,REGULAR,USD,SPY,put,2026-08-21,744.5194091796875,2026-07-21T13:48:04.398522+00:00,1.45,0.020000000000000018,0.013793103448275874,0.8972230834599776,-0.10845074833448637
SPY260821P00669000,2026-07-20 18:16:41+00:00,669.0,1.59,1.48,1.49,0.0,0.0,43.0,1856,0.2413405944824218,False,REGULAR,USD,SPY,put,2026-08-21,744.5194091796875,2026-07-21T13:48:04.398522+00:00,1.4849999999999999,0.010000000000000009,0.006734006734006741,0.8985662317885106,-0.10695486174290354
SPY260821P00670000,2026-07-21 13:30:55+00:00,670.0,1.47,1.5,1.52,-0.38,-20.54054,18.0,8195,0.2397536962890624,False,REGULAR,USD,SPY,put,2026-08-21,744.5194091796875,2026-07-21T13:48:04.398522+00:00,1.51,0.020000000000000018,0.013245033112582794,0.8999093801170435,-0.10546120948612027
SPY260821P00671000,2026-07-20 19:50:47+00:00,671.0,1.9,1.5,1.52,0.0,0.0,312.0,475,0.2371292108154296,False,REGULAR,USD,SPY,put,2026-08-21,744.5194091796875,2026-07-21T13:48:04.398522+00:00,1.51,0.020000000000000018,0.013245033112582794,0.9012525284455764,-0.10396978489945023
SPY260821P00672000,2026-07-21 13:30:55+00:00,672.0,1.55,1.57,1.58,-0.17000008,-9.883725,2.0,1361,0.2365798999023437,False,REGULAR,USD,SPY,put,2026-08-21,744.5194091796875,2026-07-21T13:48:04.398522+00:00,1.5750000000000002,0.010000000000000009,0.006349206349206354,0.9025956767741092,-0.1024805813479825
SPY260821P00673000,2026-07-20 20:00:18+00:00,673.0,1.96,1.59,1.61,0.0,0.0,209.0,820,0.2349319671630859,False,REGULAR,USD,SPY,put,2026-08-21,744.5194091796875,2026-07-21T13:48:04.398522+00:00,1.6,0.020000000000000018,0.012500000000000011,0.9039388251026421,-0.10099359222640426
SPY260821P00674000,2026-07-20 19:54:04+00:00,674.0,2.07,1.63,1.64,0.0,0.0,226.0,1346,0.2332840344238281,False,REGULAR,USD,SPY,put,2026-08-21,744.5194091796875,2026-07-21T13:48:04.398522+00:00,1.6349999999999998,0.010000000000000009,0.0061162079510703425,0.905281973431175,-0.09950881095882505
SPY260821P00675000,2026-07-20 20:07:03+00:00,675.0,2.14,1.67,1.69,0.0,0.0,8239.0,24540,0.2322464471435547,False,REGULAR,USD,SPY,put,2026-08-21,744.5194091796875,2026-07-21T13:48:04.398522+00:00,1.68,0.020000000000000018,0.011904761904761916,0.906625121759708,-0.09802623099860215
SPY260821P00676000,2026-07-20 19:39:33+00:00,676.0,2.06,1.71,1.73,0.0,0.0,112.0,1489,0.2307816180419922,False,REGULAR,USD,SPY,put,2026-08-21,744.5194091796875,2026-07-21T13:48:04.398522+00:00,1.72,0.020000000000000018,0.011627906976744196,0.9079682700882409,-0.09654584582816791
SPY260821P00677000,2026-07-20 19:35:16+00:00,677.0,2.13,1.75,1.77,0.0,0.0,1074.0,3483,0.2293778234863281,False,REGULAR,USD,SPY,put,2026-08-21,744.5194091796875,2026-07-21T13:48:04.398522+00:00,1.76,0.020000000000000018,0.011363636363636374,0.9093114184167738,-0.09506764895885703
SPY260821P00678000,2026-07-20 20:00:16+00:00,678.0,2.21,1.79,1.8,0.0,0.0,123.0,1634,0.2275467871093749,False,REGULAR,USD,SPY,put,2026-08-21,744.5194091796875,2026-07-21T13:48:04.398522+00:00,1.795,0.010000000000000009,0.005571030640668529,0.9106545667453066,-0.09359163393073647
SPY260821P00679000,2026-07-20 19:36:05+00:00,679.0,2.27,1.83,1.85,0.0,0.0,634.0,1270,0.2263871307373046,False,REGULAR,USD,SPY,put,2026-08-21,744.5194091796875,2026-07-21T13:48:04.398522+00:00,1.84,0.020000000000000018,0.010869565217391313,0.9119977150738395,-0.09211779431243593
SPY260821P00680000,2026-07-20 20:11:24+00:00,680.0,2.41,1.87,1.88,0.0,0.0,10102.0,20240,0.224495059814453,False,REGULAR,USD,SPY,put,2026-08-21,744.5194091796875,2026-07-21T13:48:04.398522+00:00,1.875,0.009999999999999787,0.0053333333333332195,0.9133408634023724,-0.09064612370097969
SPY260821P00681000,2026-07-20 19:39:33+00:00,681.0,2.3,1.91,1.93,0.0,0.0,39.0,1316,0.2232133343505859,False,REGULAR,USD,SPY,put,2026-08-21,744.5194091796875,2026-07-21T13:48:04.398522+00:00,1.92,0.020000000000000018,0.010416666666666676,0.9146840117309053,-0.08917661572161972
SPY260821P00682000,2026-07-20 19:39:33+00:00,682.0,2.35,1.96,1.97,0.0,0.0,1687.0,2642,0.2216264361572265,False,REGULAR,USD,SPY,put,2026-08-21,744.5194091796875,2026-07-21T13:48:04.398522+00:00,1.9649999999999999,0.010000000000000009,0.005089058524173033,0.9160271600594383,-0.08770926402766989
SPY260821P00683000,2026-07-20 19:52:04+00:00,683.0,2.51,1.98,2.0,0.0,0.0,630.0,1530,0.2196733306884765,False,REGULAR,USD,SPY,put,2026-08-21,744.5194091796875,2026-07-21T13:48:04.398522+00:00,1.99,0.020000000000000018,0.010050251256281416,0.9173703083879712,-0.08624406230034194
SPY260821P00684000,2026-07-20 19:40:27+00:00,684.0,2.46,2.03,2.06,0.0,0.0,414.0,3085,0.2185747088623046,False,REGULAR,USD,SPY,put,2026-08-21,744.5194091796875,2026-07-21T13:48:04.398522+00:00,2.045,0.03000000000000025,0.01466992665036687,0.9187134567165041,-0.08478100424858157
SPY260821P00685000,2026-07-20 20:09:25+00:00,685.0,2.7,2.11,2.12,0.0,0.0,2171.0,13235,0.2174150524902343,False,REGULAR,USD,SPY,put,2026-08-21,744.5194091796875,2026-07-21T13:48:04.398522+00:00,2.115,0.010000000000000231,0.004728132387706964,0.920056605045037,-0.08332008360890675
SPY260821P00686000,2026-07-20 18:54:43+00:00,686.0,2.54,2.15,2.17,0.0,0.0,792.0,3315,0.2159197061157226,False,REGULAR,USD,SPY,put,2026-08-21,744.5194091796875,2026-07-21T13:48:04.398522+00:00,2.16,0.020000000000000018,0.009259259259259267,0.9213997533735698,-0.08186129414524684
SPY260821P00687000,2026-07-20 19:58:58+00:00,687.0,2.75,2.2,2.22,0.0,0.0,555.0,1974,0.2143938424682617,False,REGULAR,USD,SPY,put,2026-08-21,744.5194091796875,2026-07-21T13:48:04.398522+00:00,2.21,0.020000000000000018,0.009049773755656116,0.9227429017021027,-0.08040462964878274
SPY260821P00688000,2026-07-20 19:39:33+00:00,688.0,2.71,2.26,2.27,0.0,0.0,476.0,1186,0.2128374615478515,False,REGULAR,USD,SPY,put,2026-08-21,744.5194091796875,2026-07-21T13:48:04.398522+00:00,2.2649999999999997,0.010000000000000231,0.004415011037527696,0.9240860500306356,-0.07895008393778843
SPY260821P00689000,2026-07-20 19:54:04+00:00,689.0,2.91,2.31,2.34,0.0,0.0,292.0,1320,0.2117388397216796,False,REGULAR,USD,SPY,put,2026-08-21,744.5194091796875,2026-07-21T13:48:04.398522+00:00,2.325,0.029999999999999805,0.012903225806451528,0.9254291983591686,-0.07749765085747343
SPY260821P00690000,2026-07-21 13:30:04+00:00,690.0,2.31,2.37,2.39,-0.71000004,-23.509933,1.0,24480,0.2100909069824218,False,REGULAR,USD,SPY,put,2026-08-21,744.5194091796875,2026-07-21T13:48:04.398522+00:00,2.38,0.020000000000000018,0.008403361344537823,0.9267723466877015,-0.07604732427982695
SPY260821P00691000,2026-07-20 20:01:58+00:00,691.0,2.99,2.41,2.42,0.0,0.0,742.0,2066,0.207893663330078,False,REGULAR,USD,SPY,put,2026-08-21,744.5194091796875,2026-07-21T13:48:04.398522+00:00,2.415,0.009999999999999787,0.0041407867494823135,0.9281154950162344,-0.07459909810346213
SPY260821P00692000,2026-07-20 19:34:01+00:00,692.0,3.01,2.49,2.51,0.0,0.0,242.0,1440,0.2071612487792968,False,REGULAR,USD,SPY,put,2026-08-21,744.5194091796875,2026-07-21T13:48:04.398522+00:00,2.5,0.019999999999999574,0.00799999999999983,0.9294586433447672,-0.07315296625346249
SPY260821P00693000,2026-07-20 20:14:03+00:00,693.0,3.25,2.55,2.57,0.0,0.0,282.0,1487,0.2056353851318359,False,REGULAR,USD,SPY,put,2026-08-21,744.5194091796875,2026-07-21T13:48:04.398522+00:00,2.5599999999999996,0.020000000000000018,0.007812500000000009,0.9308017916733001,-0.07170892268122883
SPY260821P00694000,2026-07-20 19:59:01+00:00,694.0,3.26,2.47,2.51,0.0,0.0,460.0,1330,0.2012408978271484,False,REGULAR,USD,SPY,put,2026-08-21,744.5194091796875,2026-07-21T13:48:04.398522+00:00,2.49,0.03999999999999959,0.016064257028112285,0.932144940001833,-0.07026696136432758
SPY260821P00695000,2026-07-21 13:31:32+00:00,695.0,2.71,2.67,2.69,-0.53999996,-16.615383,18.0,14712,0.2024615887451171,False,REGULAR,USD,SPY,put,2026-08-21,744.5194091796875,2026-07-21T13:48:04.398522+00:00,2.6799999999999997,0.020000000000000018,0.007462686567164187,0.933488088330366,-0.06882707630633986
SPY260821P00696000,2026-07-20 19:28:16+00:00,696.0,3.48,2.74,2.76,0.0,0.0,228.0,3873,0.2009967596435546,False,REGULAR,USD,SPY,put,2026-08-21,744.5194091796875,2026-07-21T13:48:04.398522+00:00,2.75,0.019999999999999574,0.0072727272727271175,0.9348312366588989,-0.06738926153671236
SPY260821P00697000,2026-07-20 19:58:36+00:00,697.0,3.51,2.82,2.84,0.0,0.0,156.0,969,0.1997455514526367,False,REGULAR,USD,SPY,put,2026-08-21,744.5194091796875,2026-07-21T13:48:04.398522+00:00,2.83,0.020000000000000018,0.007067137809187285,0.9361743849874318,-0.06595351111060814
SPY260821P00698000,2026-07-20 19:59:15+00:00,698.0,3.66,2.9,2.92,0.0,0.0,70.0,1737,0.1984333087158203,False,REGULAR,USD,SPY,put,2026-08-21,744.5194091796875,2026-07-21T13:48:04.398522+00:00,2.91,0.020000000000000018,0.006872852233676982,0.9375175333159647,-0.06451981910875956
SPY260821P00699000,2026-07-20 19:58:13+00:00,699.0,3.69,2.98,3.0,0.0,0.0,417.0,1319,0.1970600314331054,False,REGULAR,USD,SPY,put,2026-08-21,744.5194091796875,2026-07-21T13:48:04.398522+00:00,2.99,0.020000000000000018,0.006688963210702346,0.9388606816444975,-0.0630881796373218
SPY260821P00700000,2026-07-21 13:31:23+00:00,700.0,3.05,3.06,3.09,-0.80999994,-20.984455,13.0,42616,0.1958393405151367,False,REGULAR,USD,SPY,put,2026-08-21,744.5194091796875,2026-07-21T13:48:04.398522+00:00,3.075,0.029999999999999805,0.009756097560975546,0.9402038299730304,-0.0616585868277274
SPY260821P00701000,2026-07-20 20:01:58+00:00,701.0,3.83,3.15,3.17,0.0,0.0,422.0,1986,0.194343994140625,False,REGULAR,USD,SPY,put,2026-08-21,744.5194091796875,2026-07-21T13:48:04.398522+00:00,3.16,0.020000000000000018,0.006329113924050638,0.9415469783015633,-0.060231034836542005
SPY260821P00702000,2026-07-20 19:21:22+00:00,702.0,4.05,3.22,3.24,0.0,0.0,132.0,3116,0.1926350268554687,False,REGULAR,USD,SPY,put,2026-08-21,744.5194091796875,2026-07-21T13:48:04.398522+00:00,3.2300000000000004,0.020000000000000018,0.0061919504643962895,0.9428901266300963,-0.05880551784532088
SPY260821P00703000,2026-07-20 19:17:44+00:00,703.0,4.19,3.32,3.35,0.0,0.0,329.0,1368,0.1916279568481445,False,REGULAR,USD,SPY,put,2026-08-21,744.5194091796875,2026-07-21T13:48:04.398522+00:00,3.335,0.03000000000000025,0.008995502248875636,0.9442332749586292,-0.05738203006046711
SPY260821P00704000,2026-07-20 19:24:05+00:00,704.0,4.21,3.39,3.42,0.0,0.0,457.0,4806,0.1897969204711914,False,REGULAR,USD,SPY,put,2026-08-21,744.5194091796875,2026-07-21T13:48:04.398522+00:00,3.4050000000000002,0.029999999999999805,0.008810572687224611,0.9455764232871621,-0.05596056571308963
SPY260821P00705000,2026-07-20 20:06:04+00:00,705.0,4.33,3.5,3.52,0.0,0.0,1783.0,13301,0.188484677734375,False,REGULAR,USD,SPY,put,2026-08-21,744.5194091796875,2026-07-21T13:48:04.398522+00:00,3.51,0.020000000000000018,0.0056980056980057035,0.946919571615695,-0.05454111905886339
SPY260821P00706000,2026-07-20 20:10:41+00:00,706.0,4.55,3.6,3.62,0.0,0.0,13955.0,23020,0.1871114004516602,False,REGULAR,USD,SPY,put,2026-08-21,744.5194091796875,2026-07-21T13:48:04.398522+00:00,3.6100000000000003,0.020000000000000018,0.005540166204986154,0.9482627199442278,-0.05312368437788999
SPY260821P00707000,2026-07-20 19:31:08+00:00,707.0,4.52,3.68,3.71,0.0,0.0,449.0,804,0.1854939849853515,False,REGULAR,USD,SPY,put,2026-08-21,744.5194091796875,2026-07-21T13:48:04.398522+00:00,3.6950000000000003,0.029999999999999805,0.00811907983761835,0.9496058682727607,-0.05170825597455933
SPY260821P00708000,2026-07-20 19:42:56+00:00,708.0,4.5,3.8,3.83,0.0,0.0,8179.0,18979,0.1843343286132812,False,REGULAR,USD,SPY,put,2026-08-21,744.5194091796875,2026-07-21T13:48:04.398522+00:00,3.815,0.03000000000000025,0.007863695937090498,0.9509490166012937,-0.050294828177412224
SPY260821P00709000,2026-07-20 19:58:13+00:00,709.0,4.79,3.88,3.91,0.0,0.0,254.0,7418,0.1824422576904296,False,REGULAR,USD,SPY,put,2026-08-21,744.5194091796875,2026-07-21T13:48:04.398522+00:00,3.895,0.03000000000000025,0.007702182284980808,0.9522921649298266,-0.0488833953390045
SPY260821P00710000,2026-07-21 13:31:39+00:00,710.0,4.0,4.01,4.03,-1.0500002,-20.792082,29.0,37890,0.1811605322265624,False,REGULAR,USD,SPY,put,2026-08-21,744.5194091796875,2026-07-21T13:48:04.398522+00:00,4.02,0.020000000000000462,0.004975124378109568,0.9536353132583595,-0.04747395183577092
SPY260821P00711000,2026-07-20 20:12:47+00:00,711.0,5.18,4.12,4.14,0.0,0.0,700.0,1283,0.1796651858520507,False,REGULAR,USD,SPY,put,2026-08-21,744.5194091796875,2026-07-21T13:48:04.398522+00:00,4.13,0.019999999999999574,0.0048426150121064345,0.9549784615868924,-0.04606649206789116
SPY260821P00712000,2026-07-21 13:30:04+00:00,712.0,4.13,4.23,4.26,-1.1999998,-22.514069,3.0,23507,0.1782613912963867,False,REGULAR,USD,SPY,put,2026-08-21,744.5194091796875,2026-07-21T13:48:04.398522+00:00,4.245,0.02999999999999936,0.007067137809187128,0.9563216099154253,-0.04466101045915629
SPY260821P00713000,2026-07-20 19:31:16+00:00,713.0,5.24,4.34,4.37,0.0,0.0,709.0,2065,0.1766439758300781,False,REGULAR,USD,SPY,put,2026-08-21,744.5194091796875,2026-07-21T13:48:04.398522+00:00,4.355,0.03000000000000025,0.006888633754305452,0.9576647582439581,-0.043257501456836135
SPY260821P00714000,2026-07-20 19:24:05+00:00,714.0,5.49,4.49,4.53,0.0,0.0,580.0,30950,0.1757284576416015,False,REGULAR,USD,SPY,put,2026-08-21,744.5194091796875,2026-07-21T13:48:04.398522+00:00,4.51,0.040000000000000036,0.008869179600886927,0.959007906572491,-0.04185595953154771
SPY260821P00715000,2026-07-21 13:30:01+00:00,715.0,4.47,4.63,4.66,-1.3200002,-22.79793,6.0,27171,0.1742941458129883,False,REGULAR,USD,SPY,put,2026-08-21,744.5194091796875,2026-07-21T13:48:04.398522+00:00,4.645,0.03000000000000025,0.006458557588805221,0.960351054901024,-0.04045637917712434
SPY260821P00716000,2026-07-20 19:30:58+00:00,716.0,5.76,4.77,4.8,0.0,0.0,474.0,10104,0.1729208685302734,False,REGULAR,USD,SPY,put,2026-08-21,744.5194091796875,2026-07-21T13:48:04.398522+00:00,4.785,0.03000000000000025,0.00626959247648908,0.9616942032295569,-0.039058754910486396
SPY260821P00717000,2026-07-21 13:30:00+00:00,717.0,4.72,4.9,4.93,-1.4000001,-22.87582,1.0,2264,0.1713034530639648,False,REGULAR,USD,SPY,put,2026-08-21,744.5194091796875,2026-07-21T13:48:04.398522+00:00,4.915,0.02999999999999936,0.006103763987792342,0.9630373515580898,-0.03766308127151167
SPY260821P00718000,2026-07-20 20:03:38+00:00,718.0,6.15,5.05,5.09,0.0,0.0,327.0,21580,0.1701132794189453,False,REGULAR,USD,SPY,put,2026-08-21,744.5194091796875,2026-07-21T13:48:04.398522+00:00,5.07,0.040000000000000036,0.00788954635108482,0.9643804998866227,-0.036269352822907865
SPY260821P00719000,2026-07-20 19:51:34+00:00,719.0,6.22,5.2,5.23,0.0,0.0,543.0,3271,0.1684958639526367,False,REGULAR,USD,SPY,put,2026-08-21,744.5194091796875,2026-07-21T13:48:04.398522+00:00,5.215,0.03000000000000025,0.005752636625119894,0.9657236482151556,-0.034877564150085374
SPY260821P00720000,2026-07-21 13:30:03+00:00,720.0,5.21,5.32,5.35,-1.3800001,-20.94082,5.0,50644,0.1665427584838867,False,REGULAR,USD,SPY,put,2026-08-21,744.5194091796875,2026-07-21T13:48:04.398522+00:00,5.335,0.02999999999999936,0.005623242736644679,0.9670667965436884,-0.033487709861031084
SPY260821P00721000,2026-07-20 19:55:42+00:00,721.0,6.73,5.48,5.51,0.0,0.0,580.0,1295,0.1651084466552734,False,REGULAR,USD,SPY,put,2026-08-21,744.5194091796875,2026-07-21T13:48:04.398522+00:00,5.495,0.02999999999999936,0.005459508644221903,0.9684099448722214,-0.03209978458618291
SPY260821P00722000,2026-07-20 20:14:41+00:00,722.0,6.96,5.59,5.63,0.0,0.0,963.0,2609,0.1630027548217773,False,REGULAR,USD,SPY,put,2026-08-21,744.5194091796875,2026-07-21T13:48:04.398522+00:00,5.609999999999999,0.040000000000000036,0.007130124777183608,0.9697530932007543,-0.03071378297830577
SPY260821P00723000,2026-07-20 20:06:55+00:00,723.0,7.05,5.7,5.74,0.0,0.0,489.0,2049,0.1607139593505859,False,REGULAR,USD,SPY,put,2026-08-21,744.5194091796875,2026-07-21T13:48:04.398522+00:00,5.720000000000001,0.040000000000000036,0.006993006993006998,0.9710962415292872,-0.02932969971236733
SPY260821P00724000,2026-07-21 13:30:03+00:00,724.0,5.84,5.97,6.0,-1.54,-20.867208,1.0,5564,0.1604087866210937,False,REGULAR,USD,SPY,put,2026-08-21,744.5194091796875,2026-07-21T13:48:04.398522+00:00,5.984999999999999,0.03000000000000025,0.005012531328320844,0.9724393898578201,-0.027947529485415668
SPY260821P00725000,2026-07-21 13:31:42+00:00,725.0,6.18,6.16,6.2,-1.4100003,-18.577078,37.0,40836,0.159188095703125,False,REGULAR,USD,SPY,put,2026-08-21,744.5194091796875,2026-07-21T13:48:04.398522+00:00,6.18,0.040000000000000036,0.00647249190938512,0.973782538186353,-0.026567267016457275
SPY260821P00726000,2026-07-20 19:45:30+00:00,726.0,7.33,6.35,6.4,0.0,0.0,233.0,1559,0.1578453356933593,False,REGULAR,USD,SPY,put,2026-08-21,744.5194091796875,2026-07-21T13:48:04.398522+00:00,6.375,0.05000000000000071,0.007843137254902072,0.9751256865148858,-0.02518890704633598
SPY260821P00727000,2026-07-20 20:09:12+00:00,727.0,8.01,6.6,6.63,0.0,0.0,643.0,2695,0.1568077484130859,False,REGULAR,USD,SPY,put,2026-08-21,744.5194091796875,2026-07-21T13:48:04.398522+00:00,6.615,0.03000000000000025,0.004535147392290287,0.9764688348434187,-0.02381244433761272
SPY260821P00728000,2026-07-20 20:02:11+00:00,728.0,7.98,6.74,6.77,0.0,0.0,762.0,1800,0.1545189529418945,False,REGULAR,USD,SPY,put,2026-08-21,744.5194091796875,2026-07-21T13:48:04.398522+00:00,6.755,0.02999999999999936,0.004441154700221963,0.9778119831719517,-0.02243787367444602
SPY260821P00729000,2026-07-20 19:56:35+00:00,729.0,8.34,6.93,6.97,0.0,0.0,399.0,6114,0.152901537475586,False,REGULAR,USD,SPY,put,2026-08-21,744.5194091796875,2026-07-21T13:48:04.398522+00:00,6.949999999999999,0.040000000000000036,0.005755395683453243,0.9791551315004846,-0.021065189862473858
SPY260821P00730000,2026-07-21 13:31:15+00:00,730.0,7.13,7.12,7.16,-1.6499996,-18.792707,23.0,47416,0.1510705010986328,False,REGULAR,USD,SPY,put,2026-08-21,744.5194091796875,2026-07-21T13:48:04.398522+00:00,7.140000000000001,0.040000000000000036,0.005602240896358548,0.9804982798290175,-0.019694387728695213
SPY260821P00731000,2026-07-20 20:07:57+00:00,731.0,8.95,7.39,7.43,0.0,0.0,325.0,1074,0.1501549829101562,False,REGULAR,USD,SPY,put,2026-08-21,744.5194091796875,2026-07-21T13:48:04.398522+00:00,7.41,0.040000000000000036,0.005398110661268561,0.9818414281575504,-0.01832546212135354
SPY260821P00732000,2026-07-20 19:59:14+00:00,732.0,9.19,7.59,7.62,0.0,0.0,401.0,1643,0.1481408428955078,False,REGULAR,USD,SPY,put,2026-08-21,744.5194091796875,2026-07-21T13:48:04.398522+00:00,7.605,0.03000000000000025,0.003944773175542439,0.9831845764860833,-0.016958407909820502
SPY260821P00733000,2026-07-20 20:02:14+00:00,733.0,9.2,7.88,7.92,0.0,0.0,531.0,2949,0.1473473937988281,False,REGULAR,USD,SPY,put,2026-08-21,744.5194091796875,2026-07-21T13:48:04.398522+00:00,7.9,0.040000000000000036,0.005063291139240511,0.9845277248146161,-0.015593219984480584
SPY260821P00734000,2026-07-20 20:13:18+00:00,734.0,9.77,8.05,8.1,0.0,0.0,313.0,1538,0.1449975637817382,False,REGULAR,USD,SPY,put,2026-08-21,744.5194091796875,2026-07-21T13:48:04.398522+00:00,8.075,0.049999999999998934,0.006191950464396153,0.985870873143149,-0.014229893256616513
SPY260821P00735000,2026-07-21 13:30:53+00:00,735.0,8.15,8.28,8.32,-1.6600008,-16.921516,4.0,40247,0.143013941040039,False,REGULAR,USD,SPY,put,2026-08-21,744.5194091796875,2026-07-21T13:48:04.398522+00:00,8.3,0.040000000000000924,0.0048192771084338455,0.987214021471682,-0.012868422658295322
SPY260821P00736000,2026-07-20 20:02:25+00:00,736.0,10.06,8.59,8.64,0.0,0.0,409.0,1671,0.1421289401245117,False,REGULAR,USD,SPY,put,2026-08-21,744.5194091796875,2026-07-21T13:48:04.398522+00:00,8.615,0.05000000000000071,0.0058038305281486605,0.9885571698002149,-0.011508803142255776
SPY260821P00737000,2026-07-20 20:09:41+00:00,737.0,10.64,8.86,8.91,0.0,0.0,733.0,2024,0.1405115246582031,False,REGULAR,USD,SPY,put,2026-08-21,744.5194091796875,2026-07-21T13:48:04.398522+00:00,8.885,0.05000000000000071,0.0056274620146314815,0.9899003181287478,-0.010151029681795428
SPY260821P00738000,2026-07-20 19:54:07+00:00,738.0,10.81,9.13,9.17,0.0,0.0,798.0,2095,0.1386652296447754,False,REGULAR,USD,SPY,put,2026-08-21,744.5194091796875,2026-07-21T13:48:04.398522+00:00,9.15,0.03999999999999915,0.004371584699453458,0.9912434664572807,-0.008795097270659554
SPY260821P00739000,2026-07-21 13:30:19+00:00,739.0,8.97,9.4,9.45,-2.3599997,-20.829653,1.0,6151,0.1369257450866699,False,REGULAR,USD,SPY,put,2026-08-21,744.5194091796875,2026-07-21T13:48:04.398522+00:00,9.425,0.049999999999998934,0.005305039787798295,0.9925866147858136,-0.007441000922930292
SPY260821P00740000,2026-07-21 13:30:59+00:00,740.0,9.55,9.67,9.72,-2.0900002,-17.955328,6.0,26388,0.1349421223449707,False,REGULAR,USD,SPY,put,2026-08-21,744.5194091796875,2026-07-21T13:48:04.398522+00:00,9.695,0.05000000000000071,0.005157297576070212,0.9939297631143464,-0.006088735672916646
SPY260821P00741000,2026-07-21 13:32:13+00:00,741.0,10.01,9.98,10.01,-1.9699993,-16.444069,1.0,1036,0.1330500514221191,False,REGULAR,USD,SPY,put,2026-08-21,744.5194091796875,2026-07-21T13:48:04.398522+00:00,9.995000000000001,0.02999999999999936,0.0030015007503751234,0.9952729114428794,-0.004738296575045101
SPY260821P00742000,2026-07-21 13:30:01+00:00,742.0,9.88,10.34,10.37,-2.37,-19.346937,2.0,1961,0.1318293605041504,False,REGULAR,USD,SPY,put,2026-08-21,744.5194091796875,2026-07-21T13:48:04.398522+00:00,10.355,0.02999999999999936,0.002897151134717466,0.9966160597714123,-0.0033896787037515567
SPY260821P00743000,2026-07-21 13:32:43+00:00,743.0,10.66,10.63,10.66,-2.0600004,-16.194971,13.0,1975,0.1296473754882812,False,REGULAR,USD,SPY,put,2026-08-21,744.5194091796875,2026-07-21T13:48:04.398522+00:00,10.645,0.02999999999999936,0.0028182245185532514,0.9979592080999452,-0.0020428771533728576
SPY260821P00744000,2026-07-20 20:00:33+00:00,744.0,12.59,10.95,10.98,0.0,0.0,1568.0,2632,0.1276790113830566,False,REGULAR,USD,SPY,put,2026-08-21,744.5194091796875,2026-07-21T13:48:04.398522+00:00,10.965,0.030000000000001137,0.002735978112175206,0.9993023564284781,-0.0006978870380401737
SPY260821P00745000,2026-07-21 13:31:03+00:00,745.0,11.24,11.37,11.43,-2.1999998,-16.369047,73.0,7981,0.1270228900146484,True,REGULAR,USD,SPY,put,2026-08-21,744.5194091796875,2026-07-21T13:48:04.398522+00:00,11.399999999999999,0.0600000000000005,0.005263157894736886,1.000645504757011,0.0006452965084275704
SPY260821P00746000,2026-07-21 13:31:53+00:00,746.0,11.78,11.68,11.74,-2.0100002,-14.575782,24.0,4404,0.1246120254516601,True,REGULAR,USD,SPY,put,2026-08-21,744.5194091796875,2026-07-21T13:48:04.398522+00:00,11.71,0.0600000000000005,0.005123825789923184,1.001988653085544,0.001986678332628889
SPY260821P00747000,2026-07-20 19:57:49+00:00,747.0,14.03,12.03,12.08,0.0,0.0,1705.0,3468,0.1223842645263672,True,REGULAR,USD,SPY,put,2026-08-21,744.5194091796875,2026-07-21T13:48:04.398522+00:00,12.055,0.05000000000000071,0.004147656574035729,1.0033318014140769,0.0033262632616853274
SPY260821P00748000,2026-07-21 13:30:03+00:00,748.0,12.08,12.39,12.45,-1.8999996,-13.590842,20.0,3886,0.1203090899658203,True,REGULAR,USD,SPY,put,2026-08-21,744.5194091796875,2026-07-21T13:48:04.398522+00:00,12.42,0.05999999999999872,0.004830917874396033,1.0046749497426097,0.004664056103345247
SPY260821P00749000,2026-07-20 19:59:07+00:00,749.0,15.15,12.86,12.92,0.0,0.0,1907.0,3237,0.1191799508666992,True,REGULAR,USD,SPY,put,2026-08-21,744.5194091796875,2026-07-21T13:48:04.398522+00:00,12.89,0.0600000000000005,0.0046547711404189675,1.0060180980711426,0.006000061646087466
SPY260821P00750000,2026-07-21 13:32:08+00:00,750.0,13.24,13.29,13.34,-2.37,-15.182574,9.0,44769,0.1173031385803222,True,REGULAR,USD,SPY,put,2026-08-21,744.5194091796875,2026-07-21T13:48:04.398522+00:00,13.315,0.05000000000000071,0.003755163349605761,1.0073612463996755,0.007334284659224095
SPY260821P00751000,2026-07-20 19:32:36+00:00,751.0,15.35,13.72,13.79,0.0,0.0,177.0,1792,0.1155789126586914,True,REGULAR,USD,SPY,put,2026-08-21,744.5194091796875,2026-07-21T13:48:04.398522+00:00,13.754999999999999,0.06999999999999851,0.00508905852417292,1.0087043947282084,0.008666729893002698
SPY260821P00752000,2026-07-20 19:50:14+00:00,752.0,16.39,14.2,14.26,0.0,0.0,84.0,2608,0.1138699453735351,True,REGULAR,USD,SPY,put,2026-08-21,744.5194091796875,2026-07-21T13:48:04.398522+00:00,14.23,0.0600000000000005,0.004216444132115285,1.0100475430567413,0.009997402078707762
SPY260821P00753000,2026-07-20 19:58:07+00:00,753.0,16.89,14.39,14.73,0.0,0.0,58.0,1766,0.1119473571777343,True,REGULAR,USD,SPY,put,2026-08-21,744.5194091796875,2026-07-21T13:48:04.398522+00:00,14.56,0.33999999999999986,0.02335164835164834,1.0113906913852742,0.011326305928761498
SPY260821P00754000,2026-07-20 19:31:44+00:00,754.0,17.07,15.07,15.38,0.0,0.0,6.0,1756,0.1119626158142089,True,REGULAR,USD,SPY,put,2026-08-21,744.5194091796875,2026-07-21T13:48:04.398522+00:00,15.225000000000001,0.3100000000000005,0.020361247947454874,1.012733839713807,0.012653446136823976
SPY260821P00755000,2026-07-20 20:02:41+00:00,755.0,17.72,15.59,15.73,0.0,0.0,243.0,22650,0.1081021807861328,True,REGULAR,USD,SPY,put,2026-08-21,744.5194091796875,2026-07-21T13:48:04.398522+00:00,15.66,0.14000000000000057,0.008939974457215873,1.01407698804234,0.013978827377892591
SPY260821P00756000,2026-07-20 19:45:39+00:00,756.0,17.89,16.05,16.36,0.0,0.0,34.0,2511,0.10743080078125,True,REGULAR,USD,SPY,put,2026-08-21,744.5194091796875,2026-07-21T13:48:04.398522+00:00,16.205,0.3099999999999987,0.01912989817957413,1.0154201363708728,0.01530245430840087
SPY260821P00757000,2026-07-20 18:37:52+00:00,757.0,17.8,15.43,16.89,0.0,0.0,6.0,2501,0.1052335571289062,True,REGULAR,USD,SPY,put,2026-08-21,744.5194091796875,2026-07-21T13:48:04.398522+00:00,16.16,1.4600000000000009,0.0903465346534654,1.0167632846994057,0.01662433156631663
SPY260821P00758000,2026-07-20 19:43:22+00:00,758.0,19.19,17.07,17.41,0.0,0.0,2.0,1955,0.102624330291748,True,REGULAR,USD,SPY,put,2026-08-21,744.5194091796875,2026-07-21T13:48:04.398522+00:00,17.240000000000002,0.33999999999999986,0.019721577726218086,1.0181064330279388,0.017944463771239712
SPY260821P00759000,2026-07-17 14:21:41+00:00,759.0,18.3,17.65,18.04,0.0,0.0,3.0,1040,0.1011747598266601,True,REGULAR,USD,SPY,put,2026-08-21,744.5194091796875,2026-07-21T13:48:04.398522+00:00,17.845,0.39000000000000057,0.021854861305687902,1.0194495813564717,0.019262855524497965
SPY260821P00760000,2026-07-20 20:10:29+00:00,760.0,21.26,17.1,18.57,0.0,0.0,268.0,3811,0.0979704461669922,True,REGULAR,USD,SPY,put,2026-08-21,744.5194091796875,2026-07-21T13:48:04.398522+00:00,17.835,1.4699999999999989,0.08242220353238008,1.0207927296850046,0.020579511409244786
SPY260821P00761000,2026-07-20 19:44:20+00:00,761.0,20.98,16.98,20.1,0.0,0.0,5.0,1242,0.1089871817016601,True,REGULAR,USD,SPY,put,2026-08-21,744.5194091796875,2026-07-21T13:48:04.398522+00:00,18.54,3.120000000000001,0.168284789644013,1.0221358780135374,0.021894435990553844
SPY260821P00762000,2026-07-20 20:00:19+00:00,762.0,22.07,19.58,19.95,0.0,0.0,3.0,336,0.0951933743286133,True,REGULAR,USD,SPY,put,2026-08-21,744.5194091796875,2026-07-21T13:48:04.398522+00:00,19.765,0.370000000000001,0.01871995952441189,1.0234790263420703,0.023207633815514262
SPY260821P00763000,2026-07-13 16:31:33+00:00,763.0,18.52,19.02,20.54,0.0,0.0,1.0,128,0.0915923361206054,True,REGULAR,USD,SPY,put,2026-08-21,744.5194091796875,2026-07-21T13:48:04.398522+00:00,19.78,1.5199999999999996,0.07684529828109199,1.0248221746706032,0.02451910941332498
SPY260821P00764000,2026-07-21 13:30:04+00:00,764.0,20.51,20.75,22.4,-0.9599991,-4.471351,1.0,3655,0.1085904571533203,True,REGULAR,USD,SPY,put,2026-08-21,744.5194091796875,2026-07-21T13:48:04.398522+00:00,21.575,1.6499999999999986,0.07647740440324444,1.026165322999136,0.025828867295388448
SPY260821P00765000,2026-07-20 19:49:59+00:00,765.0,23.64,20.59,23.26,0.0,0.0,21.0,2045,0.1095670098876953,True,REGULAR,USD,SPY,put,2026-08-21,744.5194091796875,2026-07-21T13:48:04.398522+00:00,21.925,2.6700000000000017,0.12177879133409357,1.027508471327669,0.027136911955403777
SPY260821P00766000,2026-07-17 13:57:21+00:00,766.0,24.02,22.27,23.85,0.0,0.0,1.0,556,0.105904937133789,True,REGULAR,USD,SPY,put,2026-08-21,744.5194091796875,2026-07-21T13:48:04.398522+00:00,23.060000000000002,1.5800000000000018,0.06851691240242852,1.0288516196562019,0.028443247869459225
SPY260821P00767000,2026-07-16 14:16:31+00:00,767.0,17.58,21.38,24.72,0.0,0.0,2.0,1239,0.1066373516845703,True,REGULAR,USD,SPY,put,2026-08-21,744.5194091796875,2026-07-21T13:48:04.398522+00:00,23.049999999999997,3.34,0.14490238611713668,1.0301947679847347,0.029747879496124095
SPY260821P00768000,2026-07-20 14:24:23+00:00,768.0,25.08,23.69,25.36,0.0,0.0,10.0,299,0.1030057962036132,True,REGULAR,USD,SPY,put,2026-08-21,744.5194091796875,2026-07-21T13:48:04.398522+00:00,24.525,1.6699999999999982,0.06809378185524967,1.0315379163132676,0.03105081127654006
SPY260821P00769000,2026-07-20 14:26:28+00:00,769.0,25.85,24.64,26.1,0.0,0.0,10.0,1540,0.1007170007324218,True,REGULAR,USD,SPY,put,2026-08-21,744.5194091796875,2026-07-21T13:48:04.398522+00:00,25.37,1.4600000000000009,0.057548285376428886,1.0328810646418005,0.03235204763451185
SPY260821P00771000,2026-07-20 19:44:40+00:00,771.0,28.66,26.11,26.64,0.0,0.0,3.0,369,0.06055626953125,True,REGULAR,USD,SPY,put,2026-08-21,744.5194091796875,2026-07-21T13:48:04.398522+00:00,26.375,0.5300000000000011,0.02009478672985786,1.0355673612988665,0.03494945169219755
SPY260821P00772000,2026-07-20 19:42:13+00:00,772.0,29.11,25.62,28.86,0.0,0.0,20.0,162,0.1036161416625976,True,REGULAR,USD,SPY,put,2026-08-21,744.5194091796875,2026-07-21T13:48:04.398522+00:00,27.240000000000002,3.2399999999999984,0.11894273127753298,1.0369105096273994,0.03624562815364421
SPY260821P00773000,2026-07-20 19:57:49+00:00,773.0,31.07,26.43,29.62,0.0,0.0,11.0,95,0.1005033798217773,True,REGULAR,USD,SPY,put,2026-08-21,744.5194091796875,2026-07-21T13:48:04.398522+00:00,28.025,3.1900000000000013,0.11382694023193582,1.0382536579559323,0.037540126716289986
SPY260821P00774000,2026-07-20 14:26:28+00:00,774.0,30.05,27.7,29.31,0.0,0.0,10.0,61,1.0000000000000004e-05,True,REGULAR,USD,SPY,put,2026-08-21,744.5194091796875,2026-07-21T13:48:04.398522+00:00,28.505,1.6099999999999994,0.05648131906683036,1.0395968062844652,0.038832951718595125
SPY260821P00775000,2026-07-21 13:30:04+00:00,775.0,28.9,29.69,30.11,-3.4300022,-10.609347,25.0,1130,1.0000000000000004e-05,True,REGULAR,USD,SPY,put,2026-08-21,744.5194091796875,2026-07-21T13:48:04.398522+00:00,29.9,0.41999999999999815,0.014046822742474855,1.040939954612998,0.04012410748221499
SPY260821P00776000,2026-07-17 15:21:03+00:00,776.0,31.84,29.53,32.35,0.0,0.0,2.0,46,0.1004728625488281,True,REGULAR,USD,SPY,put,2026-08-21,744.5194091796875,2026-07-21T13:48:04.398522+00:00,30.94,2.8200000000000003,0.09114414996767939,1.042283102941531,0.04141359831208673
SPY260821P00777000,2026-07-20 19:34:38+00:00,777.0,34.32,29.9,31.88,0.0,0.0,1.0,30,1.0000000000000004e-05,True,REGULAR,USD,SPY,put,2026-08-21,744.5194091796875,2026-07-21T13:48:04.398522+00:00,30.89,1.9800000000000004,0.06409841372612497,1.0436262512700638,0.0427014284965154
SPY260821P00778000,2026-07-16 19:29:45+00:00,778.0,29.12,32.36,34.07,0.0,0.0,4.0,17,0.0958342370605468,True,REGULAR,USD,SPY,put,2026-08-21,744.5194091796875,2026-07-21T13:48:04.398522+00:00,33.215,1.7100000000000009,0.051482763811530954,1.0449693995985967,0.043987602307259545
SPY260821P00779000,2026-07-06 19:47:06+00:00,779.0,28.28,33.35,35.1,0.0,0.0,4.0,0,0.0991301025390625,True,REGULAR,USD,SPY,put,2026-08-21,744.5194091796875,2026-07-21T13:48:04.398522+00:00,34.225,1.75,0.05113221329437546,1.0463125479271296,0.04527212399961619
SPY260821P00780000,2026-07-20 18:57:09+00:00,780.0,36.66,34.33,34.89,0.0,0.0,6.0,541,1.0000000000000004e-05,True,REGULAR,USD,SPY,put,2026-08-21,744.5194091796875,2026-07-21T13:48:04.398522+00:00,34.61,0.5600000000000023,0.016180294712510902,1.0476556962556625,0.046554997812505335
SPY260821P00781000,2026-07-17 18:01:18+00:00,781.0,35.73,33.91,37.05,0.0,0.0,2.0,4,0.1015104498291015,True,REGULAR,USD,SPY,put,2026-08-21,744.5194091796875,2026-07-21T13:48:04.398522+00:00,35.48,3.1400000000000006,0.08850056369785797,1.0489988445841953,0.04783622796855386
SPY260821P00782000,2026-07-06 19:50:26+00:00,782.0,31.09,35.29,38.06,0.0,0.0,8.0,15,0.1040128662109374,True,REGULAR,USD,SPY,put,2026-08-21,744.5194091796875,2026-07-21T13:48:04.398522+00:00,36.675,2.770000000000003,0.07552828902522163,1.0503419929127282,0.04911581867417896
SPY260821P00783000,2026-07-14 17:48:43+00:00,783.0,31.03,36.1,38.94,0.0,0.0,5.0,2,0.101022173461914,True,REGULAR,USD,SPY,put,2026-08-21,744.5194091796875,2026-07-21T13:48:04.398522+00:00,37.519999999999996,2.8399999999999963,0.07569296375266515,1.0516851412412611,0.05039377411967096
SPY260821P00784000,2026-07-16 19:55:54+00:00,784.0,34.09,36.48,39.42,0.0,0.0,2.0,0,1.0000000000000004e-05,True,REGULAR,USD,SPY,put,2026-08-21,744.5194091796875,2026-07-21T13:48:04.398522+00:00,37.95,2.940000000000005,0.07747035573122542,1.0530282895697942,0.05167009847927591
SPY260821P00785000,2026-07-14 19:58:23+00:00,785.0,32.74,38.09,40.93,0.0,0.0,1.0,1,0.1046232116699218,True,REGULAR,USD,SPY,put,2026-08-21,744.5194091796875,2026-07-21T13:48:04.398522+00:00,39.510000000000005,2.8399999999999963,0.07188053657301939,1.054371437898327,0.052944795911276474
SPY260821P00786000,2026-07-17 13:31:34+00:00,786.0,43.61,39.07,41.91,0.0,0.0,1.0,0,0.1055997644042968,True,REGULAR,USD,SPY,put,2026-08-21,744.5194091796875,2026-07-21T13:48:04.398522+00:00,40.489999999999995,2.8399999999999963,0.0701407755001234,1.05571458622686,0.054217870558074574
SPY260821P00787000,2026-07-14 13:32:15+00:00,787.0,36.99,39.8,43.04,0.0,0.0,6.0,1,0.1136563244628906,True,REGULAR,USD,SPY,put,2026-08-21,744.5194091796875,2026-07-21T13:48:04.398522+00:00,41.42,3.240000000000002,0.0782230806373733,1.0570577345553929,0.055489326546271235
SPY260821P00788000,2026-07-20 20:07:20+00:00,788.0,46.15,40.53,43.58,0.0,0.0,20.0,4,0.0837493969726562,True,REGULAR,USD,SPY,put,2026-08-21,744.5194091796875,2026-07-21T13:48:04.398522+00:00,42.055,3.049999999999997,0.07252407561526565,1.0584008828839258,0.05675916798674712
SPY260821P00789000,2026-07-10 16:18:18+00:00,789.0,35.65,41.7,44.53,0.0,0.0,2.0,0,0.0742280078125,True,REGULAR,USD,SPY,put,2026-08-21,744.5194091796875,2026-07-21T13:48:04.398522+00:00,43.115,2.8299999999999983,0.06563840890641304,1.0597440312124586,0.05802739897474222
SPY260821P00790000,2026-07-20 13:37:58+00:00,790.0,41.43,42.89,46.15,0.0,0.0,1.0,0,0.124459439086914,True,REGULAR,USD,SPY,put,2026-08-21,744.5194091796875,2026-07-21T13:48:04.398522+00:00,44.519999999999996,3.259999999999998,0.073225516621743,1.0610871795409915,0.059294023589935144
SPY260821P00791000,2026-07-15 14:18:54+00:00,791.0,35.71,44.25,47.0,0.0,0.0,1.0,0,0.1200039172363281,True,REGULAR,USD,SPY,put,2026-08-21,744.5194091796875,2026-07-21T13:48:04.398522+00:00,45.625,2.75,0.06027397260273973,1.0624303278695244,0.06055904589652182
SPY260821P00792000,2026-07-15 14:14:51+00:00,792.0,37.21,45.14,47.97,0.0,0.0,1.0,0,0.1204921936035156,True,REGULAR,USD,SPY,put,2026-08-21,744.5194091796875,2026-07-21T13:48:04.398522+00:00,46.555,2.8299999999999983,0.06078831489635911,1.0637734761980573,0.06182246994329379
SPY260821P00793000,2026-07-06 16:11:40+00:00,793.0,41.96,45.42,48.58,0.0,0.0,2.0,0,0.09180595703125,True,REGULAR,USD,SPY,put,2026-08-21,744.5194091796875,2026-07-21T13:48:04.398522+00:00,47.0,3.1599999999999966,0.06723404255319142,1.0651166245265902,0.06308429976371589
SPY260821P00794000,2026-07-10 16:15:41+00:00,794.0,40.74,46.81,50.21,0.0,0.0,2.0,0,0.135201519165039,True,REGULAR,USD,SPY,put,2026-08-21,744.5194091796875,2026-07-21T13:48:04.398522+00:00,48.510000000000005,3.3999999999999986,0.0700886415172129,1.066459772855123,0.06434453937600362
SPY260821P00795000,2026-07-06 16:11:41+00:00,795.0,43.95,47.33,50.16,0.0,0.0,2.0,0,1.0000000000000004e-05,True,REGULAR,USD,SPY,put,2026-08-21,744.5194091796875,2026-07-21T13:48:04.398522+00:00,48.745,2.8299999999999983,0.05805723663965532,1.067802921183656,0.06560319278319979
SPY260821P00797000,2026-06-23 13:30:21+00:00,797.0,64.0,50.29,53.0,0.0,0.0,1.0,0,0.131844619140625,True,REGULAR,USD,SPY,put,2026-08-21,744.5194091796875,2026-07-21T13:48:04.398522+00:00,51.644999999999996,2.710000000000001,0.05247361796882566,1.070489217840722,0.0681157569190831
SPY260821P00800000,2026-07-20 19:45:43+00:00,800.0,55.39,53.14,55.95,0.0,0.0,3.0,44,0.1350184155273437,True,REGULAR,USD,SPY,put,2026-08-21,744.5194091796875,2026-07-21T13:48:04.398522+00:00,54.545,2.8100000000000023,0.051517095975799836,1.0745186628263206,0.07187280579679531
SPY260821P00805000,2026-07-10 19:57:09+00:00,805.0,50.04,58.32,61.07,0.0,0.0,3.0,0,0.150948432006836,True,REGULAR,USD,SPY,put,2026-08-21,744.5194091796875,2026-07-21T13:48:04.398522+00:00,59.695,2.75,0.04606750984169528,1.081234404468985,0.07810335554743131
SPY260821P00810000,2026-07-16 20:12:18+00:00,810.0,59.99,63.12,65.96,0.0,0.0,3.0,0,0.1544274011230469,True,REGULAR,USD,SPY,put,2026-08-21,744.5194091796875,2026-07-21T13:48:04.398522+00:00,64.53999999999999,2.8399999999999963,0.044003718624109026,1.0879501461116496,0.08429532579535251
SPY260821P00815000,2026-07-20 16:24:47+00:00,815.0,67.59,68.35,71.05,0.0,0.0,4.0,0,0.1688315539550781,True,REGULAR,USD,SPY,put,2026-08-21,744.5194091796875,2026-07-21T13:48:04.398522+00:00,69.69999999999999,2.700000000000003,0.03873744619799144,1.094665887754314,0.09044919136973069
SPY260821P00830000,2026-06-23 15:23:02+00:00,830.0,95.07,82.6,85.84,0.0,0.0,5.0,0,0.1811605322265624,True,REGULAR,USD,SPY,put,2026-08-21,744.5194091796875,2026-07-21T13:48:04.398522+00:00,84.22,3.240000000000009,0.03847067204939455,1.1148131126823075,0.10868677891951156
SPY260821P00850000,2026-06-10 16:38:26+00:00,850.0,119.58,94.13,96.94,0.0,0.0,10.0,0,1.0000000000000004e-05,True,REGULAR,USD,SPY,put,2026-08-21,744.5194091796875,2026-07-21T13:48:04.398522+00:00,95.535,2.8100000000000023,0.02941330402470301,1.1416760792529657,0.1324974276132302
